{
	"credit": "By the Railway Team",
	"texture_size": [32, 32],
	"textures": {
		"2": "railways:block/bogeys/top_invisible",
		"particle": "create:block/bogey/particle"
	},
	"elements": [
		{
			"name": "top",
			"from": [0, 7, 0],
			"to": [16, 16, 16],
			"faces": {
				"north": {"uv": [8, 8, 16, 12.5], "texture": "#2"},
				"east": {"uv": [0, 8, 8, 12.5], "texture": "#2"},
				"south": {"uv": [8, 8, 16, 12.5], "texture": "#2"},
				"west": {"uv": [0, 8, 8, 12.5], "texture": "#2"},
				"up": {"uv": [0, 0, 8, 8], "rotation": 90, "texture": "#2"},
				"down": {"uv": [8, 0, 16, 8], "texture": "#2"}
			}
		}
	]
}