{
  "variants": {
    "enabled=false,powered=false,waterlogged=false": {
      "model": "railways:block/smokestack/block_diesel_case"
    },
    "enabled=false,powered=false,waterlogged=true": {
      "model": "railways:block/smokestack/block_diesel_case"
    },
    "enabled=false,powered=true,waterlogged=false": {
      "model": "railways:block/smokestack/block_diesel_case"
    },
    "enabled=false,powered=true,waterlogged=true": {
      "model": "railways:block/smokestack/block_diesel_case"
    },
    "enabled=true,powered=false,waterlogged=false": {
      "model": "railways:block/smokestack/block_diesel_case"
    },
    "enabled=true,powered=false,waterlogged=true": {
      "model": "railways:block/smokestack/block_diesel_case"
    },
    "enabled=true,powered=true,waterlogged=false": {
      "model": "railways:block/smokestack/block_diesel_case"
    },
    "enabled=true,powered=true,waterlogged=true": {
      "model": "railways:block/smokestack/block_diesel_case"
    }
  }
}