{
  "variants": {
    "enabled=false,encased=false,powered=false,waterlogged=false": {
      "model": "railways:block/smokestack/block_oilburner"
    },
    "enabled=false,encased=false,powered=false,waterlogged=true": {
      "model": "railways:block/smokestack/block_oilburner"
    },
    "enabled=false,encased=false,powered=true,waterlogged=false": {
      "model": "railways:block/smokestack/block_oilburner"
    },
    "enabled=false,encased=false,powered=true,waterlogged=true": {
      "model": "railways:block/smokestack/block_oilburner"
    },
    "enabled=false,encased=true,powered=false,waterlogged=false": {
      "model": "railways:block/smokestack/block_oilburner_encased"
    },
    "enabled=false,encased=true,powered=false,waterlogged=true": {
      "model": "railways:block/smokestack/block_oilburner_encased"
    },
    "enabled=false,encased=true,powered=true,waterlogged=false": {
      "model": "railways:block/smokestack/block_oilburner_encased"
    },
    "enabled=false,encased=true,powered=true,waterlogged=true": {
      "model": "railways:block/smokestack/block_oilburner_encased"
    },
    "enabled=true,encased=false,powered=false,waterlogged=false": {
      "model": "railways:block/smokestack/block_oilburner"
    },
    "enabled=true,encased=false,powered=false,waterlogged=true": {
      "model": "railways:block/smokestack/block_oilburner"
    },
    "enabled=true,encased=false,powered=true,waterlogged=false": {
      "model": "railways:block/smokestack/block_oilburner"
    },
    "enabled=true,encased=false,powered=true,waterlogged=true": {
      "model": "railways:block/smokestack/block_oilburner"
    },
    "enabled=true,encased=true,powered=false,waterlogged=false": {
      "model": "railways:block/smokestack/block_oilburner_encased"
    },
    "enabled=true,encased=true,powered=false,waterlogged=true": {
      "model": "railways:block/smokestack/block_oilburner_encased"
    },
    "enabled=true,encased=true,powered=true,waterlogged=false": {
      "model": "railways:block/smokestack/block_oilburner_encased"
    },
    "enabled=true,encased=true,powered=true,waterlogged=true": {
      "model": "railways:block/smokestack/block_oilburner_encased"
    }
  }
}