{
  "variants": {
    "axis=x,enabled=false,powered=false,waterlogged=false": {
      "model": "railways:block/smokestack/block_long",
      "y": 90
    },
    "axis=x,enabled=false,powered=false,waterlogged=true": {
      "model": "railways:block/smokestack/block_long",
      "y": 90
    },
    "axis=x,enabled=false,powered=true,waterlogged=false": {
      "model": "railways:block/smokestack/block_long",
      "y": 90
    },
    "axis=x,enabled=false,powered=true,waterlogged=true": {
      "model": "railways:block/smokestack/block_long",
      "y": 90
    },
    "axis=x,enabled=true,powered=false,waterlogged=false": {
      "model": "railways:block/smokestack/block_long",
      "y": 90
    },
    "axis=x,enabled=true,powered=false,waterlogged=true": {
      "model": "railways:block/smokestack/block_long",
      "y": 90
    },
    "axis=x,enabled=true,powered=true,waterlogged=false": {
      "model": "railways:block/smokestack/block_long",
      "y": 90
    },
    "axis=x,enabled=true,powered=true,waterlogged=true": {
      "model": "railways:block/smokestack/block_long",
      "y": 90
    },
    "axis=z,enabled=false,powered=false,waterlogged=false": {
      "model": "railways:block/smokestack/block_long"
    },
    "axis=z,enabled=false,powered=false,waterlogged=true": {
      "model": "railways:block/smokestack/block_long"
    },
    "axis=z,enabled=false,powered=true,waterlogged=false": {
      "model": "railways:block/smokestack/block_long"
    },
    "axis=z,enabled=false,powered=true,waterlogged=true": {
      "model": "railways:block/smokestack/block_long"
    },
    "axis=z,enabled=true,powered=false,waterlogged=false": {
      "model": "railways:block/smokestack/block_long"
    },
    "axis=z,enabled=true,powered=false,waterlogged=true": {
      "model": "railways:block/smokestack/block_long"
    },
    "axis=z,enabled=true,powered=true,waterlogged=false": {
      "model": "railways:block/smokestack/block_long"
    },
    "axis=z,enabled=true,powered=true,waterlogged=true": {
      "model": "railways:block/smokestack/block_long"
    }
  }
}