{
	"credit": "By ToOpa",
	"parent": "block/block",
	"texture_size": [64, 64],
	"textures": {
		"0": "railways:block/monorail/monorail",
		"particle": "railways:block/monorail/monorail"
	},
	"elements": [
		{
			"from": [2, 3, 0],
			"to": [14, 13, 16],
			"rotation": {"angle": 0, "axis": "y", "origin": [8, 8, 8]},
			"faces": {
				"north": {"uv": [8, 2.25, 11, 4.5], "texture": "#0"},
				"east": {"uv": [8, 0, 12, 2.25], "texture": "#0"},
				"south": {"uv": [4, 8, 7, 10.25], "texture": "#0"},
				"west": {"uv": [0, 8, 4, 10.25], "texture": "#0"}
			}
		},
		{
			"from": [0, 0, 0],
			"to": [16, 3, 16],
			"rotation": {"angle": 0, "axis": "y", "origin": [8, 8, 8]},
			"faces": {
				"north": {"uv": [12, 5.25, 8, 6], "texture": "#0"},
				"east": {"uv": [8, 6, 12, 6.75], "texture": "#0"},
				"south": {"uv": [8, 6.75, 12, 7.5], "texture": "#0"},
				"west": {"uv": [8, 4.5, 12, 5.25], "texture": "#0"},
				"up": {"uv": [4, 4, 0, 0], "rotation": 270, "texture": "#0"},
				"down": {"uv": [4, 4, 0, 8], "rotation": 90, "texture": "#0"}
			}
		},
		{
			"from": [0, 13, 0],
			"to": [16, 16, 16],
			"rotation": {"angle": 0, "axis": "y", "origin": [8, 8, 8]},
			"faces": {
				"north": {"uv": [7, 8.75, 11, 9.5], "texture": "#0"},
				"east": {"uv": [7, 9.5, 11, 10.25], "texture": "#0"},
				"south": {"uv": [0, 10.25, 4, 11], "texture": "#0"},
				"west": {"uv": [7, 8, 11, 8.75], "texture": "#0"},
				"up": {"uv": [8, 4, 4, 0], "rotation": 270, "texture": "#0"},
				"down": {"uv": [8, 4, 4, 8], "rotation": 90, "texture": "#0"}
			}
		}
	],
	"groups": [
		{
			"name": "Beam X",
			"origin": [8, 13, 8],
			"color": 0,
			"nbt": "{}",
			"armAnimationEnabled": false,
			"children": [0, 1, 2]
		}
	]
}