{
	"credit": "By ToOpa",
	"parent": "block/block",
	"texture_size": [64, 64],
	"textures": {
		"0": "railways:block/monorail/monorail",
		"particle": "railways:block/monorail/monorail"
	},
	"elements": [
		{
			"from": [-8, 0, 0],
			"to": [8, 3, 8],
			"rotation": {"angle": 0, "axis": "y", "origin": [8, 8, 8]},
			"faces": {
				"north": {"uv": [12, 5.25, 8, 6], "texture": "#0"},
				"east": {"uv": [8, 6, 10, 6.75], "texture": "#0"},
				"south": {"uv": [8, 6.75, 12, 7.5], "texture": "#0"},
				"west": {"uv": [8, 4.5, 10, 5.25], "texture": "#0"},
				"up": {"uv": [3, 4, 1, 0], "rotation": 270, "texture": "#0"},
				"down": {"uv": [3, 4, 1, 8], "rotation": 90, "texture": "#0"}
			}
		}
	],
	"groups": [
		{
			"name": "Beam X",
			"origin": [8, 13, 8],
			"color": 0,
			"children": [0]
		}
	]
}