{
	"parent": "block/block",
	"credit": "Made with Blockbench",
	"texture_size": [32, 32],
	"textures": {
		"1": "railways:block/smokestack/streamlined",
		"particle": "railways:block/smokestack/streamlined"
	},
	"elements": [
		{
			"from": [0, 0, 2],
			"to": [2, 4, 16],
			"faces": {
				"north": {"uv": [8, 1, 9, 3], "texture": "#1"},
				"east": {"uv": [1, 4, 8, 6], "texture": "#1"},
				"south": {"uv": [0, 1, 1, 3], "texture": "#1"},
				"west": {"uv": [1, 1, 8, 3], "texture": "#1"},
				"up": {"uv": [8, 1, 1, 0], "rotation": 270, "texture": "#1"},
				"down": {"uv": [8, 3, 1, 4], "rotation": 90, "texture": "#1"}
			}
		},
		{
			"from": [14, 0, 0],
			"to": [16, 4, 14],
			"rotation": {"angle": 0, "axis": "y", "origin": [0, 3.5, 0]},
			"faces": {
				"north": {"uv": [0, 1, 1, 3], "texture": "#1"},
				"east": {"uv": [1, 1, 8, 3], "texture": "#1"},
				"south": {"uv": [8, 1, 9, 3], "texture": "#1"},
				"west": {"uv": [1, 4, 8, 6], "texture": "#1"},
				"up": {"uv": [8, 1, 1, 0], "rotation": 270, "texture": "#1"},
				"down": {"uv": [8, 3, 1, 4], "rotation": 90, "texture": "#1"}
			}
		},
		{
			"from": [0, 0, 0],
			"to": [14, 4, 2],
			"rotation": {"angle": 0, "axis": "y", "origin": [0, 3.5, 0]},
			"faces": {
				"north": {"uv": [1, 1, 8, 3], "texture": "#1"},
				"east": {"uv": [8, 1, 9, 3], "texture": "#1"},
				"south": {"uv": [1, 4, 8, 6], "texture": "#1"},
				"west": {"uv": [0, 1, 1, 3], "texture": "#1"},
				"up": {"uv": [8, 1, 1, 0], "texture": "#1"},
				"down": {"uv": [8, 3, 1, 4], "texture": "#1"}
			}
		},
		{
			"from": [2, 0, 14],
			"to": [16, 4, 16],
			"faces": {
				"north": {"uv": [1, 4, 8, 6], "texture": "#1"},
				"east": {"uv": [0, 1, 1, 3], "texture": "#1"},
				"south": {"uv": [1, 1, 8, 3], "texture": "#1"},
				"west": {"uv": [8, 1, 9, 3], "texture": "#1"},
				"up": {"uv": [8, 1, 1, 0], "texture": "#1"},
				"down": {"uv": [8, 3, 1, 4], "texture": "#1"}
			}
		}
	],
	"groups": [
		{
			"name": "streamlined",
			"origin": [0, 0, 0],
			"color": 0,
			"children": [0, 1, 2, 3]
		}
	]
}