{
	"credit": "Made with Blockbench",
	"parent": "block/block",
	"texture_size": [32, 32],
	"textures": {
		"13": "railways:block/smokestack/oilburner",
		"particle": "railways:block/smokestack/oilburner",
		"industrial_iron": "create:block/industrial_iron_block"
	},
	"elements": [
		{
			"from": [3, 8, 0],
			"to": [13, 16, 3],
			"rotation": {"angle": 0, "axis": "y", "origin": [11, 16, -3]},
			"faces": {
				"south": {"uv": [9.5, 0, 14.5, 4], "texture": "#13"},
				"up": {"uv": [4, 9, 9, 10.5], "texture": "#13"},
				"down": {"uv": [1, 6, 6, 7], "texture": "#13"}
			}
		},
		{
			"from": [3, 8, 13],
			"to": [13, 16, 16],
			"rotation": {"angle": 0, "axis": "y", "origin": [5, 16, 19]},
			"faces": {
				"north": {"uv": [9.5, 0, 14.5, 4], "texture": "#13"},
				"up": {"uv": [4, 9, 9, 10.5], "rotation": 180, "texture": "#13"},
				"down": {"uv": [1, 6, 6, 7], "rotation": 180, "texture": "#13"}
			}
		},
		{
			"from": [0, 8, 0],
			"to": [3, 16, 16],
			"rotation": {"angle": 0, "axis": "y", "origin": [9, 16, 9]},
			"faces": {
				"east": {"uv": [8.5, 0, 15.5, 4], "texture": "#13"},
				"up": {"uv": [0, 7.5, 1.5, 15.5], "texture": "#13"},
				"down": {"uv": [0, 0, 1, 7], "texture": "#13"}
			}
		},
		{
			"from": [13, 8, 0],
			"to": [16, 16, 16],
			"rotation": {"angle": 0, "axis": "y", "origin": [7, 16, 7]},
			"faces": {
				"west": {"uv": [8.5, 0, 15.5, 4], "texture": "#13"},
				"up": {"uv": [0, 7.5, 1.5, 15.5], "rotation": 180, "texture": "#13"},
				"down": {"uv": [0, 0, 1, 7], "rotation": 180, "texture": "#13"}
			}
		},
		{
			"from": [13, 0, 0],
			"to": [16, 8, 16],
			"rotation": {"angle": 0, "axis": "y", "origin": [9, 8, 9]},
			"faces": {
				"west": {"uv": [9, 4, 15, 8], "texture": "#13"},
				"down": {"uv": [0, 7.5, 1.5, 15.5], "texture": "#13"}
			}
		},
		{
			"from": [0, 0, 0],
			"to": [3, 8, 16],
			"rotation": {"angle": 0, "axis": "y", "origin": [9, 8, 9]},
			"faces": {
				"east": {"uv": [9, 4, 15, 8], "texture": "#13"},
				"down": {"uv": [0, 7.5, 1.5, 15.5], "texture": "#13"}
			}
		},
		{
			"from": [3, 0, 13],
			"to": [13, 8, 16],
			"rotation": {"angle": 0, "axis": "y", "origin": [8, 8, 20]},
			"faces": {
				"north": {"uv": [9.5, 4, 14.5, 8], "texture": "#13"},
				"down": {"uv": [3.5, 9.5, 8.5, 11], "texture": "#13"}
			}
		},
		{
			"from": [3, 0, 0],
			"to": [13, 8, 3],
			"rotation": {"angle": 0, "axis": "y", "origin": [8, 8, 9]},
			"faces": {
				"south": {"uv": [9.5, 4, 14.5, 8], "texture": "#13"},
				"down": {"uv": [4, 9.5, 9, 11], "texture": "#13"}
			}
		},
		{
			"from": [0, 0, 0],
			"to": [16, 16, 16],
			"faces": {
				"north": {"uv": [0, 0, 16, 16], "texture": "#industrial_iron"},
				"east": {"uv": [0, 0, 16, 16], "texture": "#industrial_iron"},
				"south": {"uv": [0, 0, 16, 16], "texture": "#industrial_iron"},
				"west": {"uv": [0, 0, 16, 16], "texture": "#industrial_iron"}
			}
		}
	],
	"groups": [
		{
			"name": "ChuteTop",
			"origin": [9, 16, -7],
			"color": 0,
			"children": [0, 1, 2, 3]
		},
		{
			"name": "ChuteBase",
			"origin": [8, 8, -7],
			"color": 0,
			"children": [4, 5, 6, 7]
		},
		8
	]
}