{
	"credit": "Made with Blockbench",
	"parent": "block/block",
	"textures": {
		"axis_top": "create:block/axis_top",
		"fan_blades": "create:block/fan_blades",
		"axis": "create:block/axis",
		"particle": "create:block/fan_side"
	},
	"elements": [
		{
			"name": "Shaft",
			"from": [6, 0, 6],
			"to": [10, 3.8, 10],
			"rotation": {"angle": 0, "axis": "x", "origin": [0, -1.5, 0]},
			"faces": {
				"north": {"uv": [6, 0, 10, 16], "rotation": 180, "texture": "#axis"},
				"east": {"uv": [6, 0, 10, 16], "texture": "#axis"},
				"south": {"uv": [6, 0, 10, 16], "texture": "#axis"},
				"west": {"uv": [6, 0, 10, 16], "texture": "#axis"},
				"up": {"uv": [6, 6, 10, 10], "rotation": 180, "texture": "#axis_top"},
				"down": {"uv": [6, 6, 10, 10], "texture": "#axis_top"}
			}
		},
		{
			"name": "Fan",
			"from": [1, 2, 1],
			"to": [15, 2, 15],
			"rotation": {"angle": 0, "axis": "x", "origin": [0, -1.5, 0]},
			"faces": {
				"up": {"uv": [1, 1, 15, 15], "rotation": 180, "texture": "#fan_blades"},
				"down": {"uv": [1, 1, 15, 15], "texture": "#fan_blades"}
			}
		}
	],
	"groups": [
		{
			"name": "group",
			"origin": [0, 0, 0],
			"color": 0,
			"children": [
				{
					"name": "encased_fan_inner",
					"origin": [0, 1.45, 0],
					"color": 0,
					"children": [0, 1]
				}
			]
		}
	]
}