{
	"credit": "Made with Blockbench",
	"parent": "block/block",
	"textures": {
		"6": "railways:block/smokestack/diesel",
		"fan_casing": "create:block/fan_casing",
		"particle": "create:block/fan_side"
	},
	"elements": [
		{
			"name": "Lattice",
			"from": [2, 4, 2],
			"to": [14, 4, 14],
			"rotation": {"angle": 0, "axis": "x", "origin": [0, -1.5, 0]},
			"faces": {
				"up": {"uv": [2, 2, 14, 14], "rotation": 180, "texture": "#fan_casing"},
				"down": {"uv": [2, 2, 14, 14], "texture": "#fan_casing"}
			}
		},
		{
			"from": [0, 0, 0],
			"to": [14, 4, 2],
			"faces": {
				"north": {"uv": [2, 2, 16, 6], "texture": "#6"},
				"east": {"uv": [14, 12, 16, 16], "texture": "#6"},
				"south": {"uv": [0, 6, 14, 10], "texture": "#6"},
				"west": {"uv": [0, 2, 2, 6], "texture": "#6"},
				"up": {"uv": [0, 0, 14, 2], "texture": "#6"},
				"down": {"uv": [0, 10, 14, 12], "texture": "#6"}
			}
		},
		{
			"from": [0, 0, 2],
			"to": [2, 4, 16],
			"rotation": {"angle": 0, "axis": "y", "origin": [-7, 2, 1]},
			"faces": {
				"north": {"uv": [14, 12, 16, 16], "texture": "#6"},
				"east": {"uv": [0, 6, 14, 10], "texture": "#6"},
				"south": {"uv": [0, 2, 2, 6], "texture": "#6"},
				"west": {"uv": [2, 2, 16, 6], "texture": "#6"},
				"up": {"uv": [0, 0, 14, 2], "rotation": 270, "texture": "#6"},
				"down": {"uv": [0, 10, 14, 12], "rotation": 90, "texture": "#6"}
			}
		},
		{
			"from": [14, 0, 0],
			"to": [16, 4, 14],
			"rotation": {"angle": 0, "axis": "y", "origin": [0, 3.5, 0]},
			"faces": {
				"north": {"uv": [0, 2, 2, 6], "texture": "#6"},
				"east": {"uv": [2, 2, 16, 6], "texture": "#6"},
				"south": {"uv": [14, 12, 16, 16], "texture": "#6"},
				"west": {"uv": [0, 6, 14, 10], "texture": "#6"},
				"up": {"uv": [0, 0, 14, 2], "rotation": 90, "texture": "#6"},
				"down": {"uv": [0, 10, 14, 12], "rotation": 270, "texture": "#6"}
			}
		},
		{
			"from": [2, 0, 14],
			"to": [16, 4, 16],
			"rotation": {"angle": 0, "axis": "y", "origin": [1, 2, 7]},
			"faces": {
				"north": {"uv": [0, 6, 14, 10], "texture": "#6"},
				"east": {"uv": [0, 2, 2, 6], "texture": "#6"},
				"south": {"uv": [2, 2, 16, 6], "texture": "#6"},
				"west": {"uv": [14, 12, 16, 16], "texture": "#6"},
				"up": {"uv": [0, 0, 14, 2], "rotation": 180, "texture": "#6"},
				"down": {"uv": [0, 10, 14, 12], "rotation": 180, "texture": "#6"}
			}
		}
	],
	"groups": [
		{
			"name": "group",
			"origin": [0, 0, 0],
			"color": 0,
			"children": [
				{
					"name": "encased_fan_inner",
					"origin": [0, 1.45, 0],
					"color": 0,
					"children": [0]
				},
				{
					"name": "streamlined",
					"origin": [0, 0, 0],
					"color": 0,
					"children": [
						{
							"name": "fan",
							"origin": [8, 19, 6.3],
							"color": 0,
							"children": []
						},
						1,
						2,
						3,
						4
					]
				}
			]
		}
	]
}