{
	"credit": "By Slimeist",
	"texture_size": [32, 32],
	"textures": {
		"2": "create:block/bogey/top",
		"4": "railways:block/bogeys/wide/default/frame",
		"particle": "create:block/bogey/particle"
	},
	"elements": [
		{
			"from": [2, 5, 2],
			"to": [14, 7, 14],
			"rotation": {"angle": 0, "axis": "y", "origin": [0, -18, 0]},
			"faces": {
				"north": {"uv": [10.5, 4.5, 12, 4.75], "texture": "#4"},
				"east": {"uv": [10.5, 4.5, 12, 4.75], "texture": "#4"},
				"south": {"uv": [10.5, 4.5, 12, 4.75], "texture": "#4"},
				"west": {"uv": [10.5, 4.5, 12, 4.75], "texture": "#4"},
				"up": {"uv": [9, 10.5, 7.5, 9], "texture": "#4"},
				"down": {"uv": [10.5, 7.5, 9, 9], "texture": "#4"}
			}
		},
		{
			"from": [0, 7, 0],
			"to": [16, 16, 16],
			"rotation": {"angle": 0, "axis": "y", "origin": [0, -24, 0]},
			"faces": {
				"north": {"uv": [8, 8, 16, 12.5], "texture": "#2"},
				"east": {"uv": [0, 8, 8, 12.5], "texture": "#2"},
				"south": {"uv": [8, 8, 16, 12.5], "texture": "#2"},
				"west": {"uv": [0, 8, 8, 12.5], "texture": "#2"},
				"up": {"uv": [0, 0, 8, 8], "rotation": 90, "texture": "#2"},
				"down": {"uv": [0, 0, 8, 8], "rotation": 90, "texture": "#2"}
			}
		}
	],
	"groups": [
		{
			"name": "block",
			"origin": [0, 2.75, 0],
			"color": 0,
			"children": [0, 1]
		}
	]
}