{
	"credit": "Made with Blockbench",
	"textures": {
		"pole": "railways:block/flagpole",
		"particle": "railways:block/flagpole"
	},
	"elements": [
		{
			"from": [7, 0, 7],
			"to": [9, 14, 9],
			"faces": {
				"north": {"uv": [0, 0, 2, 14], "texture": "#pole"},
				"east": {"uv": [0, 0, 2, 14], "texture": "#pole"},
				"south": {"uv": [0, 0, 2, 14], "texture": "#pole"},
				"west": {"uv": [0, 0, 2, 14], "texture": "#pole"},
				"up": {"uv": [0, 0, 2, 2], "texture": "#pole"},
				"down": {"uv": [0, 0, 2, 2], "texture": "#pole"}
			}
		}
	]
}