{
  "mappings": {
    "com/railwayteam/railways/forge/mixin/ServerGamePacketListenerImplMixin": {
      "handleCustomPayload": "Lnet/minecraft/server/network/ServerGamePacketListenerImpl;m_7423_(Lnet/minecraft/network/protocol/game/ServerboundCustomPayloadPacket;)V"
    },
    "com/railwayteam/railways/forge/mixin/ChunkMapAccessor": {
      "entityMap": "f_140150_:Lit/unimi/dsi/fastutil/ints/Int2ObjectMap;"
    },
    "com/railwayteam/railways/forge/mixin/ChunkMapAccessor$TrackedEntityAccessor": {
      "seenBy": "f_140475_:Ljava/util/Set;"
    },
    "com/railwayteam/railways/forge/mixin/ClientPacketListenerMixin": {
      "handleCustomPayload": "Lnet/minecraft/client/multiplayer/ClientPacketListener;m_7413_(Lnet/minecraft/network/protocol/game/ClientboundCustomPayloadPacket;)V"
    }
  },
  "data": {
    "named:intermediary": {
      "com/railwayteam/railways/forge/mixin/ServerGamePacketListenerImplMixin": {
        "handleCustomPayload": "Lnet/minecraft/server/network/ServerGamePacketListenerImpl;m_7423_(Lnet/minecraft/network/protocol/game/ServerboundCustomPayloadPacket;)V"
      },
      "com/railwayteam/railways/forge/mixin/ChunkMapAccessor": {
        "entityMap": "f_140150_:Lit/unimi/dsi/fastutil/ints/Int2ObjectMap;"
      },
      "com/railwayteam/railways/forge/mixin/ChunkMapAccessor$TrackedEntityAccessor": {
        "seenBy": "f_140475_:Ljava/util/Set;"
      },
      "com/railwayteam/railways/forge/mixin/ClientPacketListenerMixin": {
        "handleCustomPayload": "Lnet/minecraft/client/multiplayer/ClientPacketListener;m_7413_(Lnet/minecraft/network/protocol/game/ClientboundCustomPayloadPacket;)V"
      }
    }
  }
}