{
  "mappings": {
    "com/railwayteam/railways/mixin/AccessorBlockEntity": {
      "worldPosition": "f_58858_:Lnet/minecraft/core/BlockPos;"
    },
    "com/railwayteam/railways/mixin/AccessorBlockEntityType": {
      "validBlocks": "f_58915_:Ljava/util/Set;"
    },
    "com/railwayteam/railways/mixin/AccessorIngredient_TagValue": {
      "<init>": "<init>"
    },
    "com/railwayteam/railways/mixin/ChunkSerializerMixin": {
      "Lnet/minecraft/nbt/CompoundTag;putInt(Ljava/lang/String;I)V": "Lnet/minecraft/nbt/CompoundTag;m_128405_(Ljava/lang/String;I)V",
      "write": "Lnet/minecraft/world/level/chunk/storage/ChunkSerializer;m_63454_(Lnet/minecraft/server/level/ServerLevel;Lnet/minecraft/world/level/chunk/ChunkAccess;)Lnet/minecraft/nbt/CompoundTag;"
    },
    "com/railwayteam/railways/mixin/MixinAbstractBogeyBlock": {
      "Lcom/simibubi/create/content/trains/bogey/AbstractBogeyBlock;getNextStyle(Lcom/simibubi/create/content/trains/bogey/BogeyStyle;)Lcom/simibubi/create/content/trains/bogey/BogeyStyle;": "Lcom/simibubi/create/content/trains/bogey/AbstractBogeyBlock;getNextStyle(Lcom/simibubi/create/content/trains/bogey/BogeyStyle;)Lcom/simibubi/create/content/trains/bogey/BogeyStyle;",
      "Lnet/minecraft/world/entity/player/Player;displayClientMessage(Lnet/minecraft/network/chat/Component;Z)V": "Lnet/minecraft/world/entity/player/Player;m_5661_(Lnet/minecraft/network/chat/Component;Z)V",
      "getNextStyle(Lnet/minecraft/world/level/Level;Lnet/minecraft/core/BlockPos;)Lcom/simibubi/create/content/trains/bogey/BogeyStyle;": "Lcom/simibubi/create/content/trains/bogey/AbstractBogeyBlock;getNextStyle(Lnet/minecraft/world/level/Level;Lnet/minecraft/core/BlockPos;)Lcom/simibubi/create/content/trains/bogey/BogeyStyle;",
      "use": "Lcom/simibubi/create/content/trains/bogey/AbstractBogeyBlock;m_6227_(Lnet/minecraft/world/level/block/state/BlockState;Lnet/minecraft/world/level/Level;Lnet/minecraft/core/BlockPos;Lnet/minecraft/world/entity/player/Player;Lnet/minecraft/world/InteractionHand;Lnet/minecraft/world/phys/BlockHitResult;)Lnet/minecraft/world/InteractionResult;"
    },
    "com/railwayteam/railways/mixin/MixinAbstractMinecart": {
      "createMinecart": "Lnet/minecraft/world/entity/vehicle/AbstractMinecart;m_38119_(Lnet/minecraft/world/level/Level;DDDLnet/minecraft/world/entity/vehicle/AbstractMinecart$Type;)Lnet/minecraft/world/entity/vehicle/AbstractMinecart;"
    },
    "com/railwayteam/railways/mixin/MixinAbstractMinecart_Type": {
      "<clinit>": "Lnet/minecraft/world/entity/vehicle/AbstractMinecart$Type;<clinit>()V",
      "<init>": "<init>"
    },
    "com/railwayteam/railways/mixin/MixinBezierConnection": {
      "<init>(Lnet/minecraft/nbt/CompoundTag;Lnet/minecraft/core/BlockPos;)V": "Lcom/simibubi/create/content/trains/track/BezierConnection;<init>(Lnet/minecraft/nbt/CompoundTag;Lnet/minecraft/core/BlockPos;)V",
      "<init>(Lnet/minecraft/network/FriendlyByteBuf;)V": "Lcom/simibubi/create/content/trains/track/BezierConnection;<init>(Lnet/minecraft/network/FriendlyByteBuf;)V",
      "write(Lnet/minecraft/core/BlockPos;)Lnet/minecraft/nbt/CompoundTag;": "Lcom/simibubi/create/content/trains/track/BezierConnection;write(Lnet/minecraft/core/BlockPos;)Lnet/minecraft/nbt/CompoundTag;",
      "write(Lnet/minecraft/network/FriendlyByteBuf;)V": "Lcom/simibubi/create/content/trains/track/BezierConnection;write(Lnet/minecraft/network/FriendlyByteBuf;)V"
    },
    "com/railwayteam/railways/mixin/MixinBlockBehaviour": {
      "getDrops": "Lnet/minecraft/world/level/block/state/BlockBehaviour;m_7381_(Lnet/minecraft/world/level/block/state/BlockState;Lnet/minecraft/world/level/storage/loot/LootContext$Builder;)Ljava/util/List;"
    },
    "com/railwayteam/railways/mixin/MixinCarriageBogey": {
      "Lnet/minecraft/nbt/CompoundTag;getString(Ljava/lang/String;)Ljava/lang/String;": "Lnet/minecraft/nbt/CompoundTag;m_128461_(Ljava/lang/String;)Ljava/lang/String;"
    },
    "com/railwayteam/railways/mixin/MixinCarriageContraptionEntity": {
      "Lnet/minecraft/world/phys/Vec3;closerThan(Lnet/minecraft/core/Position;D)Z": "Lnet/minecraft/world/phys/Vec3;m_82509_(Lnet/minecraft/core/Position;D)Z"
    },
    "com/railwayteam/railways/mixin/MixinDirectBeltInputBehaviour": {
      "handleInsertion(Lnet/minecraft/world/item/ItemStack;Lnet/minecraft/core/Direction;Z)Lnet/minecraft/world/item/ItemStack;": "Lcom/simibubi/create/content/kinetics/belt/behaviour/DirectBeltInputBehaviour;handleInsertion(Lnet/minecraft/world/item/ItemStack;Lnet/minecraft/core/Direction;Z)Lnet/minecraft/world/item/ItemStack;"
    },
    "com/railwayteam/railways/mixin/MixinDoorMovingInteraction": {
      "Lnet/minecraft/world/level/block/state/BlockState;getBlock()Lnet/minecraft/world/level/block/Block;": "Lnet/minecraft/world/level/block/state/BlockState;m_60734_()Lnet/minecraft/world/level/block/Block;"
    },
    "com/railwayteam/railways/mixin/MixinGlobalStation": {
      "read(Lnet/minecraft/nbt/CompoundTag;ZLcom/simibubi/create/content/trains/graph/DimensionPalette;)V": "Lcom/simibubi/create/content/trains/station/GlobalStation;read(Lnet/minecraft/nbt/CompoundTag;ZLcom/simibubi/create/content/trains/graph/DimensionPalette;)V",
      "read(Lnet/minecraft/network/FriendlyByteBuf;Lcom/simibubi/create/content/trains/graph/DimensionPalette;)V": "Lcom/simibubi/create/content/trains/station/GlobalStation;read(Lnet/minecraft/network/FriendlyByteBuf;Lcom/simibubi/create/content/trains/graph/DimensionPalette;)V",
      "write(Lnet/minecraft/nbt/CompoundTag;Lcom/simibubi/create/content/trains/graph/DimensionPalette;)V": "Lcom/simibubi/create/content/trains/station/GlobalStation;write(Lnet/minecraft/nbt/CompoundTag;Lcom/simibubi/create/content/trains/graph/DimensionPalette;)V",
      "write(Lnet/minecraft/network/FriendlyByteBuf;Lcom/simibubi/create/content/trains/graph/DimensionPalette;)V": "Lcom/simibubi/create/content/trains/station/GlobalStation;write(Lnet/minecraft/network/FriendlyByteBuf;Lcom/simibubi/create/content/trains/graph/DimensionPalette;)V"
    },
    "com/railwayteam/railways/mixin/MixinIOWorker": {
      "store": "Lnet/minecraft/world/level/chunk/storage/IOWorker;m_63538_(Lnet/minecraft/world/level/ChunkPos;Lnet/minecraft/nbt/CompoundTag;)Ljava/util/concurrent/CompletableFuture;"
    },
    "com/railwayteam/railways/mixin/MixinLootTables": {
      "method_20711": "Lnet/minecraft/world/level/storage/loot/LootTables;m_79196_(Lcom/google/common/collect/ImmutableMap$Builder;Lnet/minecraft/resources/ResourceLocation;Lcom/google/gson/JsonElement;)V"
    },
    "com/railwayteam/railways/mixin/MixinPlayer": {
      "getDimensions": "Lnet/minecraft/world/entity/player/Player;m_6972_(Lnet/minecraft/world/entity/Pose;)Lnet/minecraft/world/entity/EntityDimensions;",
      "getStandingEyeHeight": "Lnet/minecraft/world/entity/player/Player;m_6431_(Lnet/minecraft/world/entity/Pose;Lnet/minecraft/world/entity/EntityDimensions;)F",
      "tick": "Lnet/minecraft/world/entity/player/Player;m_8119_()V"
    },
    "com/railwayteam/railways/mixin/MixinSeatMovementBehaviour": {
      "Lnet/minecraft/world/entity/Entity;stopRiding()V": "Lnet/minecraft/world/entity/Entity;m_8127_()V"
    },
    "com/railwayteam/railways/mixin/MixinSlidingDoorBlock": {
      "Lnet/minecraft/world/level/block/state/BlockState;setValue(Lnet/minecraft/world/level/block/state/properties/Property;Ljava/lang/Comparable;)Ljava/lang/Object;": "Lnet/minecraft/world/level/block/state/BlockState;m_61124_(Lnet/minecraft/world/level/block/state/properties/Property;Ljava/lang/Comparable;)Ljava/lang/Object;",
      "neighborChanged": "Lcom/simibubi/create/content/decoration/slidingDoor/SlidingDoorBlock;m_6861_(Lnet/minecraft/world/level/block/state/BlockState;Lnet/minecraft/world/level/Level;Lnet/minecraft/core/BlockPos;Lnet/minecraft/world/level/block/Block;Lnet/minecraft/core/BlockPos;Z)V",
      "use": "Lcom/simibubi/create/content/decoration/slidingDoor/SlidingDoorBlock;m_6227_(Lnet/minecraft/world/level/block/state/BlockState;Lnet/minecraft/world/level/Level;Lnet/minecraft/core/BlockPos;Lnet/minecraft/world/entity/player/Player;Lnet/minecraft/world/InteractionHand;Lnet/minecraft/world/phys/BlockHitResult;)Lnet/minecraft/world/InteractionResult;"
    },
    "com/railwayteam/railways/mixin/MixinStationBlock": {
      "use": "Lcom/simibubi/create/content/trains/station/StationBlock;m_6227_(Lnet/minecraft/world/level/block/state/BlockState;Lnet/minecraft/world/level/Level;Lnet/minecraft/core/BlockPos;Lnet/minecraft/world/entity/player/Player;Lnet/minecraft/world/InteractionHand;Lnet/minecraft/world/phys/BlockHitResult;)Lnet/minecraft/world/InteractionResult;"
    },
    "com/railwayteam/railways/mixin/MixinStationBlockEntity": {
      "Lnet/minecraft/world/level/Level;playSound(Lnet/minecraft/world/entity/player/Player;Lnet/minecraft/core/BlockPos;Lnet/minecraft/sounds/SoundEvent;Lnet/minecraft/sounds/SoundSource;FF)V": "Lnet/minecraft/world/level/Level;m_5594_(Lnet/minecraft/world/entity/player/Player;Lnet/minecraft/core/BlockPos;Lnet/minecraft/sounds/SoundEvent;Lnet/minecraft/sounds/SoundSource;FF)V",
      "trackClicked": "Lcom/simibubi/create/content/trains/station/StationBlockEntity;trackClicked(Lnet/minecraft/world/entity/player/Player;Lnet/minecraft/world/InteractionHand;Lcom/simibubi/create/content/trains/track/ITrackBlock;Lnet/minecraft/world/level/block/state/BlockState;Lnet/minecraft/core/BlockPos;)Z"
    },
    "com/railwayteam/railways/mixin/MixinStationEditPacket": {
      "Lnet/minecraft/network/FriendlyByteBuf;readBoolean()Z": "Lnet/minecraft/network/FriendlyByteBuf;readBoolean()Z",
      "Lnet/minecraft/network/FriendlyByteBuf;writeBoolean(Z)Lio/netty/buffer/ByteBuf;": "Lnet/minecraft/network/FriendlyByteBuf;writeBoolean(Z)Lio/netty/buffer/ByteBuf;",
      "Lnet/minecraft/world/level/block/state/BlockState;getBlock()Lnet/minecraft/world/level/block/Block;": "Lnet/minecraft/world/level/block/state/BlockState;m_60734_()Lnet/minecraft/world/level/block/Block;",
      "applySettings(Lnet/minecraft/server/level/ServerPlayer;Lcom/simibubi/create/content/trains/station/StationBlockEntity;)V": "Lcom/simibubi/create/content/trains/station/StationEditPacket;applySettings(Lnet/minecraft/server/level/ServerPlayer;Lcom/simibubi/create/content/trains/station/StationBlockEntity;)V"
    },
    "com/railwayteam/railways/mixin/MixinToolboxHandler": {
      "Lnet/minecraft/world/level/Level;getBlockEntity(Lnet/minecraft/core/BlockPos;)Lnet/minecraft/world/level/block/entity/BlockEntity;": "Lnet/minecraft/world/level/Level;m_7702_(Lnet/minecraft/core/BlockPos;)Lnet/minecraft/world/level/block/entity/BlockEntity;",
      "Lnet/minecraft/world/level/Level;isLoaded(Lnet/minecraft/core/BlockPos;)Z": "Lnet/minecraft/world/level/Level;m_46749_(Lnet/minecraft/core/BlockPos;)Z"
    },
    "com/railwayteam/railways/mixin/MixinTrackBlock": {
      "Lnet/minecraft/world/level/Level;scheduleTick(Lnet/minecraft/core/BlockPos;Lnet/minecraft/world/level/block/Block;I)V": "Lnet/minecraft/world/level/Level;m_186460_(Lnet/minecraft/core/BlockPos;Lnet/minecraft/world/level/block/Block;I)V",
      "getCollisionShape": "Lcom/simibubi/create/content/trains/track/TrackBlock;m_5939_(Lnet/minecraft/world/level/block/state/BlockState;Lnet/minecraft/world/level/BlockGetter;Lnet/minecraft/core/BlockPos;Lnet/minecraft/world/phys/shapes/CollisionContext;)Lnet/minecraft/world/phys/shapes/VoxelShape;",
      "onPlace": "Lcom/simibubi/create/content/trains/track/TrackBlock;m_6807_(Lnet/minecraft/world/level/block/state/BlockState;Lnet/minecraft/world/level/Level;Lnet/minecraft/core/BlockPos;Lnet/minecraft/world/level/block/state/BlockState;Z)V",
      "onRemove": "Lcom/simibubi/create/content/trains/track/TrackBlock;m_6810_(Lnet/minecraft/world/level/block/state/BlockState;Lnet/minecraft/world/level/Level;Lnet/minecraft/core/BlockPos;Lnet/minecraft/world/level/block/state/BlockState;Z)V",
      "use": "Lcom/simibubi/create/content/trains/track/TrackBlock;m_6227_(Lnet/minecraft/world/level/block/state/BlockState;Lnet/minecraft/world/level/Level;Lnet/minecraft/core/BlockPos;Lnet/minecraft/world/entity/player/Player;Lnet/minecraft/world/InteractionHand;Lnet/minecraft/world/phys/BlockHitResult;)Lnet/minecraft/world/InteractionResult;"
    },
    "com/railwayteam/railways/mixin/MixinTrackBlockEntity": {
      "Lcom/simibubi/create/foundation/blockEntity/RemoveBlockEntityPacket;<init>(Lnet/minecraft/core/BlockPos;)V": "Lcom/simibubi/create/foundation/blockEntity/RemoveBlockEntityPacket;<init>(Lnet/minecraft/core/BlockPos;)V",
      "Lnet/minecraft/world/level/Level;getBlockState(Lnet/minecraft/core/BlockPos;)Lnet/minecraft/world/level/block/state/BlockState;": "Lnet/minecraft/world/level/Level;m_8055_(Lnet/minecraft/core/BlockPos;)Lnet/minecraft/world/level/block/state/BlockState;"
    },
    "com/railwayteam/railways/mixin/MixinTrackMaterial": {
      "Lnet/minecraft/resources/ResourceLocation;tryParse(Ljava/lang/String;)Lnet/minecraft/resources/ResourceLocation;": "Lnet/minecraft/resources/ResourceLocation;m_135820_(Ljava/lang/String;)Lnet/minecraft/resources/ResourceLocation;"
    },
    "com/railwayteam/railways/mixin/MixinTrackTargetingBlockItem": {
      "Lcom/simibubi/create/content/trains/track/ITrackBlock;getTrackAxes(Lnet/minecraft/world/level/BlockGetter;Lnet/minecraft/core/BlockPos;Lnet/minecraft/world/level/block/state/BlockState;)Ljava/util/List;": "Lcom/simibubi/create/content/trains/track/ITrackBlock;getTrackAxes(Lnet/minecraft/world/level/BlockGetter;Lnet/minecraft/core/BlockPos;Lnet/minecraft/world/level/block/state/BlockState;)Ljava/util/List;",
      "Lnet/minecraft/core/BlockPos;closerThan(Lnet/minecraft/core/Vec3i;D)Z": "Lnet/minecraft/core/BlockPos;m_123314_(Lnet/minecraft/core/Vec3i;D)Z",
      "useOn": "Lcom/simibubi/create/content/trains/track/TrackTargetingBlockItem;m_6225_(Lnet/minecraft/world/item/context/UseOnContext;)Lnet/minecraft/world/InteractionResult;"
    },
    "com/railwayteam/railways/mixin/NbtUtilsMixin": {
      "readBlockState": "Lnet/minecraft/nbt/NbtUtils;m_129241_(Lnet/minecraft/nbt/CompoundTag;)Lnet/minecraft/world/level/block/state/BlockState;",
      "update(Lcom/mojang/datafixers/DataFixer;Lnet/minecraft/util/datafix/DataFixTypes;Lnet/minecraft/nbt/CompoundTag;II)Lnet/minecraft/nbt/CompoundTag;": "Lnet/minecraft/nbt/NbtUtils;m_129218_(Lcom/mojang/datafixers/DataFixer;Lnet/minecraft/util/datafix/DataFixTypes;Lnet/minecraft/nbt/CompoundTag;II)Lnet/minecraft/nbt/CompoundTag;"
    },
    "com/railwayteam/railways/mixin/PlayerEntityMixin": {
      "addAdditionalSaveData": "Lnet/minecraft/world/entity/player/Player;m_7380_(Lnet/minecraft/nbt/CompoundTag;)V"
    },
    "com/railwayteam/railways/mixin/StructureMixin": {
      "save": "Lnet/minecraft/world/level/levelgen/structure/templatesystem/StructureTemplate;m_74618_(Lnet/minecraft/nbt/CompoundTag;)Lnet/minecraft/nbt/CompoundTag;"
    },
    "com/railwayteam/railways/mixin/client/AccessorEntity": {
      "xRot": "f_19858_:F",
      "yRot": "f_19857_:F"
    },
    "com/railwayteam/railways/mixin/client/AccessorLivingEntityRenderer": {
      "setupRotations": "m_7523_(Lnet/minecraft/world/entity/LivingEntity;Lcom/mojang/blaze3d/vertex/PoseStack;FFF)V"
    },
    "com/railwayteam/railways/mixin/client/AccessorTrackBlockOutline": {
      "LONG_CROSS": "LONG_CROSS:Lnet/minecraft/world/phys/shapes/VoxelShape;",
      "LONG_ORTHO": "LONG_ORTHO:Lnet/minecraft/world/phys/shapes/VoxelShape;",
      "LONG_ORTHO_OFFSET": "LONG_ORTHO_OFFSET:Lnet/minecraft/world/phys/shapes/VoxelShape;"
    },
    "com/railwayteam/railways/mixin/client/AccessorWarningScreen": {
      "message": "f_210915_:Lnet/minecraft/client/gui/components/MultiLineLabel;"
    },
    "com/railwayteam/railways/mixin/client/HotbarStorageMixin": {
      "Lnet/minecraft/nbt/NbtIo;write(Lnet/minecraft/nbt/CompoundTag;Ljava/io/File;)V": "Lnet/minecraft/nbt/NbtIo;m_128955_(Lnet/minecraft/nbt/CompoundTag;Ljava/io/File;)V",
      "save": "Lnet/minecraft/client/HotbarManager;m_90805_()V"
    },
    "com/railwayteam/railways/mixin/client/MixinBlockElement_Deserializer": {
      "Lnet/minecraft/client/renderer/block/model/BlockElement$Deserializer;getVector3f(Lcom/google/gson/JsonObject;Ljava/lang/String;)Lcom/mojang/math/Vector3f;": "Lnet/minecraft/client/renderer/block/model/BlockElement$Deserializer;m_111334_(Lcom/google/gson/JsonObject;Ljava/lang/String;)Lcom/mojang/math/Vector3f;",
      "getFrom": "Lnet/minecraft/client/renderer/block/model/BlockElement$Deserializer;m_111352_(Lcom/google/gson/JsonObject;)Lcom/mojang/math/Vector3f;",
      "getTo": "Lnet/minecraft/client/renderer/block/model/BlockElement$Deserializer;m_111346_(Lcom/google/gson/JsonObject;)Lcom/mojang/math/Vector3f;"
    },
    "com/railwayteam/railways/mixin/client/MixinCurvedTrackInteraction": {
      "Lnet/minecraft/client/player/LocalPlayer;getMainHandItem()Lnet/minecraft/world/item/ItemStack;": "Lnet/minecraft/client/player/LocalPlayer;m_21205_()Lnet/minecraft/world/item/ItemStack;"
    },
    "com/railwayteam/railways/mixin/client/MixinDebugRenderer": {
      "render": "Lnet/minecraft/client/renderer/debug/DebugRenderer;m_113457_(Lcom/mojang/blaze3d/vertex/PoseStack;Lnet/minecraft/client/renderer/MultiBufferSource$BufferSource;DDD)V"
    },
    "com/railwayteam/railways/mixin/client/MixinItemModelShaper": {
      "getItemModel(Lnet/minecraft/world/item/ItemStack;)Lnet/minecraft/client/resources/model/BakedModel;": "Lnet/minecraft/client/renderer/ItemModelShaper;m_109406_(Lnet/minecraft/world/item/ItemStack;)Lnet/minecraft/client/resources/model/BakedModel;"
    },
    "com/railwayteam/railways/mixin/client/MixinParticleEngine": {
      "<clinit>": "Lnet/minecraft/client/particle/ParticleEngine;<clinit>()V"
    },
    "com/railwayteam/railways/mixin/client/MixinPlayerInfo": {
      "getCapeLocation": "Lnet/minecraft/client/multiplayer/PlayerInfo;m_105338_()Lnet/minecraft/resources/ResourceLocation;"
    },
    "com/railwayteam/railways/mixin/client/MixinPlayerRenderer": {
      "render(Lnet/minecraft/client/player/AbstractClientPlayer;FFLcom/mojang/blaze3d/vertex/PoseStack;Lnet/minecraft/client/renderer/MultiBufferSource;I)V": "Lnet/minecraft/client/renderer/entity/player/PlayerRenderer;m_7392_(Lnet/minecraft/client/player/AbstractClientPlayer;FFLcom/mojang/blaze3d/vertex/PoseStack;Lnet/minecraft/client/renderer/MultiBufferSource;I)V",
      "renderLeftHand": "Lnet/minecraft/client/renderer/entity/player/PlayerRenderer;m_117813_(Lcom/mojang/blaze3d/vertex/PoseStack;Lnet/minecraft/client/renderer/MultiBufferSource;ILnet/minecraft/client/player/AbstractClientPlayer;)V",
      "renderRightHand": "Lnet/minecraft/client/renderer/entity/player/PlayerRenderer;m_117770_(Lcom/mojang/blaze3d/vertex/PoseStack;Lnet/minecraft/client/renderer/MultiBufferSource;ILnet/minecraft/client/player/AbstractClientPlayer;)V"
    },
    "com/railwayteam/railways/mixin/client/MixinRadialToolboxMenu": {
      "Lcom/simibubi/create/content/equipment/toolbox/ToolboxDisposeAllPacket;<init>(Lnet/minecraft/core/BlockPos;)V": "Lcom/simibubi/create/content/equipment/toolbox/ToolboxDisposeAllPacket;<init>(Lnet/minecraft/core/BlockPos;)V",
      "Lcom/simibubi/create/content/equipment/toolbox/ToolboxEquipPacket;<init>(Lnet/minecraft/core/BlockPos;II)V": "Lcom/simibubi/create/content/equipment/toolbox/ToolboxEquipPacket;<init>(Lnet/minecraft/core/BlockPos;II)V",
      "mouseClicked": "Lcom/simibubi/create/content/equipment/toolbox/RadialToolboxMenu;m_6375_(DDI)Z",
      "removed": "Lcom/simibubi/create/content/equipment/toolbox/RadialToolboxMenu;m_7861_()V"
    },
    "com/railwayteam/railways/mixin/client/MixinStationScreen": {
      "Lcom/simibubi/create/content/trains/station/StationScreen;tickTrainDisplay()V": "Lcom/simibubi/create/content/trains/station/StationScreen;tickTrainDisplay()V",
      "init": "Lcom/simibubi/create/content/trains/station/StationScreen;m_7856_()V"
    },
    "com/railwayteam/railways/mixin/client/MixinTextureAtlas": {
      "cycleAnimationFrames": "Lnet/minecraft/client/renderer/texture/TextureAtlas;m_118270_()V"
    },
    "com/railwayteam/railways/mixin/client/MixinTextureAtlasSprite": {
      "<init>": "Lnet/minecraft/client/renderer/texture/TextureAtlasSprite;<init>(Lnet/minecraft/client/renderer/texture/TextureAtlas;Lnet/minecraft/client/renderer/texture/TextureAtlasSprite$Info;IIIIILcom/mojang/blaze3d/platform/NativeImage;)V"
    },
    "com/railwayteam/railways/mixin/client/MixinTextureAtlasSprite$MixinAnimatedTexture": {
      "uploadFrame": "Lnet/minecraft/client/renderer/texture/TextureAtlasSprite$AnimatedTexture;m_174767_(I)V"
    },
    "com/railwayteam/railways/mixin/client/MixinToolboxHandlerClient": {
      "Lcom/simibubi/create/content/equipment/toolbox/ToolboxHandler;getMaxRange(Lnet/minecraft/world/entity/player/Player;)D": "Lcom/simibubi/create/content/equipment/toolbox/ToolboxHandler;getMaxRange(Lnet/minecraft/world/entity/player/Player;)D",
      "Lnet/minecraft/nbt/NbtUtils;readBlockPos(Lnet/minecraft/nbt/CompoundTag;)Lnet/minecraft/core/BlockPos;": "Lnet/minecraft/nbt/NbtUtils;m_129239_(Lnet/minecraft/nbt/CompoundTag;)Lnet/minecraft/core/BlockPos;",
      "Lnet/minecraft/world/level/Level;getBlockEntity(Lnet/minecraft/core/BlockPos;)Lnet/minecraft/world/level/block/entity/BlockEntity;": "Lnet/minecraft/world/level/Level;m_7702_(Lnet/minecraft/core/BlockPos;)Lnet/minecraft/world/level/block/entity/BlockEntity;"
    },
    "com/railwayteam/railways/mixin/client/MixinTrackBlockClient": {
      "Lcom/simibubi/create/content/trains/track/TrackRenderer;getModelAngles(Lnet/minecraft/world/phys/Vec3;Lnet/minecraft/world/phys/Vec3;)Lnet/minecraft/world/phys/Vec3;": "Lcom/simibubi/create/content/trains/track/TrackRenderer;getModelAngles(Lnet/minecraft/world/phys/Vec3;Lnet/minecraft/world/phys/Vec3;)Lnet/minecraft/world/phys/Vec3;"
    },
    "com/railwayteam/railways/mixin/client/MixinTrackBlockOutline": {
      "Lcom/mojang/blaze3d/vertex/PoseStack;pushPose()V": "Lcom/mojang/blaze3d/vertex/PoseStack;m_85836_()V",
      "Lcom/simibubi/create/content/trains/track/BezierTrackPointLocation;<init>(Lnet/minecraft/core/BlockPos;I)V": "Lcom/simibubi/create/content/trains/track/BezierTrackPointLocation;<init>(Lnet/minecraft/core/BlockPos;I)V",
      "Lcom/simibubi/create/content/trains/track/TrackBlockOutline;renderShape(Lnet/minecraft/world/phys/shapes/VoxelShape;Lcom/mojang/blaze3d/vertex/PoseStack;Lcom/mojang/blaze3d/vertex/VertexConsumer;Ljava/lang/Boolean;)V": "Lcom/simibubi/create/content/trains/track/TrackBlockOutline;renderShape(Lnet/minecraft/world/phys/shapes/VoxelShape;Lcom/mojang/blaze3d/vertex/PoseStack;Lcom/mojang/blaze3d/vertex/VertexConsumer;Ljava/lang/Boolean;)V",
      "Lcom/simibubi/create/foundation/utility/VoxelShaper;get(Lnet/minecraft/core/Direction;)Lnet/minecraft/world/phys/shapes/VoxelShape;": "Lcom/simibubi/create/foundation/utility/VoxelShaper;get(Lnet/minecraft/core/Direction;)Lnet/minecraft/world/phys/shapes/VoxelShape;"
    },
    "com/railwayteam/railways/mixin/client/MixinTrackGraphVisualizer": {
      "Lcom/simibubi/create/foundation/outliner/Outliner;showAABB(Ljava/lang/Object;Lnet/minecraft/world/phys/AABB;)Lcom/simibubi/create/foundation/outliner/Outline$OutlineParams;": "Lcom/simibubi/create/foundation/outliner/Outliner;showAABB(Ljava/lang/Object;Lnet/minecraft/world/phys/AABB;)Lcom/simibubi/create/foundation/outliner/Outline$OutlineParams;",
      "Lcom/simibubi/create/foundation/outliner/Outliner;showItem(Ljava/lang/Object;Lnet/minecraft/world/phys/Vec3;Lnet/minecraft/world/item/ItemStack;)Lcom/simibubi/create/foundation/outliner/Outline$OutlineParams;": "Lcom/simibubi/create/foundation/outliner/Outliner;showItem(Ljava/lang/Object;Lnet/minecraft/world/phys/Vec3;Lnet/minecraft/world/item/ItemStack;)Lcom/simibubi/create/foundation/outliner/Outline$OutlineParams;",
      "Lcom/simibubi/create/foundation/outliner/Outliner;showLine(Ljava/lang/Object;Lnet/minecraft/world/phys/Vec3;Lnet/minecraft/world/phys/Vec3;)Lcom/simibubi/create/foundation/outliner/Outline$OutlineParams;": "Lcom/simibubi/create/foundation/outliner/Outliner;showLine(Ljava/lang/Object;Lnet/minecraft/world/phys/Vec3;Lnet/minecraft/world/phys/Vec3;)Lcom/simibubi/create/foundation/outliner/Outline$OutlineParams;",
      "Lnet/minecraft/world/phys/Vec3;<init>(DDD)V": "Lnet/minecraft/world/phys/Vec3;<init>(DDD)V"
    },
    "com/railwayteam/railways/mixin/client/MixinTrackRenderer": {
      "Lcom/mojang/blaze3d/vertex/PoseStack;pushPose()V": "Lcom/mojang/blaze3d/vertex/PoseStack;m_85836_()V",
      "Lcom/simibubi/create/content/trains/track/TrackRenderer;renderGirder(Lnet/minecraft/world/level/Level;Lcom/simibubi/create/content/trains/track/BezierConnection;Lcom/mojang/blaze3d/vertex/PoseStack;Lcom/mojang/blaze3d/vertex/VertexConsumer;Lnet/minecraft/core/BlockPos;)V": "Lcom/simibubi/create/content/trains/track/TrackRenderer;renderGirder(Lnet/minecraft/world/level/Level;Lcom/simibubi/create/content/trains/track/BezierConnection;Lcom/mojang/blaze3d/vertex/PoseStack;Lcom/mojang/blaze3d/vertex/VertexConsumer;Lnet/minecraft/core/BlockPos;)V",
      "Lnet/minecraft/client/renderer/MultiBufferSource;getBuffer(Lnet/minecraft/client/renderer/RenderType;)Lcom/mojang/blaze3d/vertex/VertexConsumer;": "Lnet/minecraft/client/renderer/MultiBufferSource;m_6299_(Lnet/minecraft/client/renderer/RenderType;)Lcom/mojang/blaze3d/vertex/VertexConsumer;",
      "renderSafe(Lcom/simibubi/create/content/trains/track/TrackBlockEntity;FLcom/mojang/blaze3d/vertex/PoseStack;Lnet/minecraft/client/renderer/MultiBufferSource;II)V": "Lcom/simibubi/create/content/trains/track/TrackRenderer;renderSafe(Lcom/simibubi/create/content/trains/track/TrackBlockEntity;FLcom/mojang/blaze3d/vertex/PoseStack;Lnet/minecraft/client/renderer/MultiBufferSource;II)V"
    },
    "com/railwayteam/railways/mixin/compat/voicechat/EntityAudioChannelImplMixin": {
      "Lnet/minecraft/world/entity/Entity;getEyePosition()Lnet/minecraft/world/phys/Vec3;": "Lnet/minecraft/world/entity/Entity;m_146892_()Lnet/minecraft/world/phys/Vec3;"
    },
    "com/railwayteam/railways/mixin/compat/voicechat/ServerMixin": {
      "Lnet/minecraft/server/level/ServerPlayer;getUUID()Ljava/util/UUID;": "Lnet/minecraft/server/level/ServerPlayer;m_20148_()Ljava/util/UUID;",
      "Lnet/minecraft/server/level/ServerPlayer;isCrouching()Z": "Lnet/minecraft/server/level/ServerPlayer;m_6047_()Z",
      "Lnet/minecraft/server/level/ServerPlayer;position()Lnet/minecraft/world/phys/Vec3;": "Lnet/minecraft/server/level/ServerPlayer;m_20182_()Lnet/minecraft/world/phys/Vec3;",
      "processProximityPacket": "Lde/maxhenkel/voicechat/voice/server/Server;processProximityPacket(Lde/maxhenkel/voicechat/voice/common/PlayerState;Lnet/minecraft/server/level/ServerPlayer;Lde/maxhenkel/voicechat/voice/common/MicPacket;)V"
    },
    "com/railwayteam/railways/mixin/compat/voicechat/ServerWorldUtilsMixin": {
      "Lnet/minecraft/server/level/ServerPlayer;position()Lnet/minecraft/world/phys/Vec3;": "Lnet/minecraft/server/level/ServerPlayer;m_20182_()Lnet/minecraft/world/phys/Vec3;",
      "getPlayersInRange": "Lde/maxhenkel/voicechat/voice/server/ServerWorldUtils;getPlayersInRange(Lnet/minecraft/server/level/ServerLevel;Lnet/minecraft/world/phys/Vec3;DLjava/util/function/Predicate;)Ljava/util/Collection;"
    },
    "com/railwayteam/railways/mixin/conductor_possession/AccessorKeyMapping": {
      "key": "f_90816_:Lcom/mojang/blaze3d/platform/InputConstants$Key;"
    },
    "com/railwayteam/railways/mixin/conductor_possession/ChunkMapMixin": {
      "Lnet/minecraft/server/level/ServerPlayer;getLastSectionPos()Lnet/minecraft/core/SectionPos;": "Lnet/minecraft/server/level/ServerPlayer;m_8965_()Lnet/minecraft/core/SectionPos;",
      "getPlayers": "Lnet/minecraft/server/level/ChunkMap;m_183262_(Lnet/minecraft/world/level/ChunkPos;Z)Ljava/util/List;",
      "move": "Lnet/minecraft/server/level/ChunkMap;m_140184_(Lnet/minecraft/server/level/ServerPlayer;)V"
    },
    "com/railwayteam/railways/mixin/conductor_possession/ClientChunkCacheMixin": {
      "<init>": "Lnet/minecraft/client/multiplayer/ClientChunkCache;<init>(Lnet/minecraft/client/multiplayer/ClientLevel;I)V",
      "Lnet/minecraft/client/multiplayer/ClientChunkCache$Storage;<init>(Lnet/minecraft/client/multiplayer/ClientChunkCache;I)V": "Lnet/minecraft/client/multiplayer/ClientChunkCache$Storage;<init>(Lnet/minecraft/client/multiplayer/ClientChunkCache;I)V",
      "drop": "Lnet/minecraft/client/multiplayer/ClientChunkCache;m_104455_(II)V",
      "getChunk(IILnet/minecraft/world/level/chunk/ChunkStatus;Z)Lnet/minecraft/world/level/chunk/LevelChunk;": "Lnet/minecraft/client/multiplayer/ClientChunkCache;m_7587_(IILnet/minecraft/world/level/chunk/ChunkStatus;Z)Lnet/minecraft/world/level/chunk/LevelChunk;",
      "replaceWithPacketData": "Lnet/minecraft/client/multiplayer/ClientChunkCache;m_194116_(IILnet/minecraft/network/FriendlyByteBuf;Lnet/minecraft/nbt/CompoundTag;Ljava/util/function/Consumer;)Lnet/minecraft/world/level/chunk/LevelChunk;",
      "updateViewRadius": "Lnet/minecraft/client/multiplayer/ClientChunkCache;m_104416_(I)V"
    },
    "com/railwayteam/railways/mixin/conductor_possession/LevelRendererMixin": {
      "Lnet/minecraft/client/player/LocalPlayer;getX()D": "Lnet/minecraft/client/player/LocalPlayer;m_20185_()D",
      "Lnet/minecraft/client/player/LocalPlayer;getY()D": "Lnet/minecraft/client/player/LocalPlayer;m_20186_()D",
      "Lnet/minecraft/client/player/LocalPlayer;getZ()D": "Lnet/minecraft/client/player/LocalPlayer;m_20189_()D",
      "setupRender": "Lnet/minecraft/client/renderer/LevelRenderer;m_194338_(Lnet/minecraft/client/Camera;Lnet/minecraft/client/renderer/culling/Frustum;ZZ)V"
    },
    "com/railwayteam/railways/mixin/conductor_possession/MixinEntity": {
      "push(Lnet/minecraft/world/entity/Entity;)V": "Lnet/minecraft/world/entity/Entity;m_7334_(Lnet/minecraft/world/entity/Entity;)V",
      "turn": "Lnet/minecraft/world/entity/Entity;m_19884_(DD)V"
    },
    "com/railwayteam/railways/mixin/conductor_possession/MixinGameRenderer": {
      "bobView": "Lnet/minecraft/client/renderer/GameRenderer;m_109138_(Lcom/mojang/blaze3d/vertex/PoseStack;F)V",
      "checkEntityPostEffect": "Lnet/minecraft/client/renderer/GameRenderer;m_109106_(Lnet/minecraft/world/entity/Entity;)V",
      "shouldRenderBlockOutline": "Lnet/minecraft/client/renderer/GameRenderer;m_109158_()Z"
    },
    "com/railwayteam/railways/mixin/conductor_possession/MixinGui": {
      "renderExperienceBar": "Lnet/minecraft/client/gui/Gui;m_93071_(Lcom/mojang/blaze3d/vertex/PoseStack;I)V"
    },
    "com/railwayteam/railways/mixin/conductor_possession/MixinItemInHandRenderer": {
      "renderHandsWithItems": "Lnet/minecraft/client/renderer/ItemInHandRenderer;m_109314_(FLcom/mojang/blaze3d/vertex/PoseStack;Lnet/minecraft/client/renderer/MultiBufferSource$BufferSource;Lnet/minecraft/client/player/LocalPlayer;I)V"
    },
    "com/railwayteam/railways/mixin/conductor_possession/MixinLocalPlayer": {
      "Lnet/minecraft/client/player/LocalPlayer;isControlledCamera()Z": "Lnet/minecraft/client/player/LocalPlayer;m_108636_()Z",
      "sendPosition": "Lnet/minecraft/client/player/LocalPlayer;m_108640_()V"
    },
    "com/railwayteam/railways/mixin/conductor_possession/MixinMinecraft": {
      "handleKeybinds": "Lnet/minecraft/client/Minecraft;m_91279_()V"
    },
    "com/railwayteam/railways/mixin/conductor_possession/PlayerListMixin": {
      "Lnet/minecraft/server/level/ServerPlayer;getZ()D": "Lnet/minecraft/server/level/ServerPlayer;m_20189_()D",
      "broadcast": "Lnet/minecraft/server/players/PlayerList;m_11241_(Lnet/minecraft/world/entity/player/Player;DDDDLnet/minecraft/resources/ResourceKey;Lnet/minecraft/network/protocol/Packet;)V"
    },
    "com/railwayteam/railways/mixin/conductor_possession/ServerPlayerMixin": {
      "Lnet/minecraft/server/level/ServerPlayer;absMoveTo(DDDFF)V": "Lnet/minecraft/server/level/ServerPlayer;m_19890_(DDDFF)V",
      "setCamera": "Lnet/minecraft/server/level/ServerPlayer;m_9213_(Lnet/minecraft/world/entity/Entity;)V",
      "tick": "Lnet/minecraft/server/level/ServerPlayer;m_8119_()V"
    },
    "com/railwayteam/railways/mixin/conductor_possession/TrackedEntityMixin": {
      "Lnet/minecraft/world/phys/Vec3;x:D": "Lnet/minecraft/world/phys/Vec3;f_82479_:D",
      "updatePlayer": "Lnet/minecraft/server/level/ChunkMap$TrackedEntity;m_140497_(Lnet/minecraft/server/level/ServerPlayer;)V"
    }
  },
  "data": {
    "searge": {
      "com/railwayteam/railways/mixin/AccessorBlockEntity": {
        "worldPosition": "f_58858_:Lnet/minecraft/core/BlockPos;"
      },
      "com/railwayteam/railways/mixin/AccessorBlockEntityType": {
        "validBlocks": "f_58915_:Ljava/util/Set;"
      },
      "com/railwayteam/railways/mixin/AccessorIngredient_TagValue": {
        "<init>": "<init>"
      },
      "com/railwayteam/railways/mixin/ChunkSerializerMixin": {
        "Lnet/minecraft/nbt/CompoundTag;putInt(Ljava/lang/String;I)V": "Lnet/minecraft/nbt/CompoundTag;m_128405_(Ljava/lang/String;I)V",
        "write": "Lnet/minecraft/world/level/chunk/storage/ChunkSerializer;m_63454_(Lnet/minecraft/server/level/ServerLevel;Lnet/minecraft/world/level/chunk/ChunkAccess;)Lnet/minecraft/nbt/CompoundTag;"
      },
      "com/railwayteam/railways/mixin/MixinAbstractBogeyBlock": {
        "Lcom/simibubi/create/content/trains/bogey/AbstractBogeyBlock;getNextStyle(Lcom/simibubi/create/content/trains/bogey/BogeyStyle;)Lcom/simibubi/create/content/trains/bogey/BogeyStyle;": "Lcom/simibubi/create/content/trains/bogey/AbstractBogeyBlock;getNextStyle(Lcom/simibubi/create/content/trains/bogey/BogeyStyle;)Lcom/simibubi/create/content/trains/bogey/BogeyStyle;",
        "Lnet/minecraft/world/entity/player/Player;displayClientMessage(Lnet/minecraft/network/chat/Component;Z)V": "Lnet/minecraft/world/entity/player/Player;m_5661_(Lnet/minecraft/network/chat/Component;Z)V",
        "getNextStyle(Lnet/minecraft/world/level/Level;Lnet/minecraft/core/BlockPos;)Lcom/simibubi/create/content/trains/bogey/BogeyStyle;": "Lcom/simibubi/create/content/trains/bogey/AbstractBogeyBlock;getNextStyle(Lnet/minecraft/world/level/Level;Lnet/minecraft/core/BlockPos;)Lcom/simibubi/create/content/trains/bogey/BogeyStyle;",
        "use": "Lcom/simibubi/create/content/trains/bogey/AbstractBogeyBlock;m_6227_(Lnet/minecraft/world/level/block/state/BlockState;Lnet/minecraft/world/level/Level;Lnet/minecraft/core/BlockPos;Lnet/minecraft/world/entity/player/Player;Lnet/minecraft/world/InteractionHand;Lnet/minecraft/world/phys/BlockHitResult;)Lnet/minecraft/world/InteractionResult;"
      },
      "com/railwayteam/railways/mixin/MixinAbstractMinecart": {
        "createMinecart": "Lnet/minecraft/world/entity/vehicle/AbstractMinecart;m_38119_(Lnet/minecraft/world/level/Level;DDDLnet/minecraft/world/entity/vehicle/AbstractMinecart$Type;)Lnet/minecraft/world/entity/vehicle/AbstractMinecart;"
      },
      "com/railwayteam/railways/mixin/MixinAbstractMinecart_Type": {
        "<clinit>": "Lnet/minecraft/world/entity/vehicle/AbstractMinecart$Type;<clinit>()V",
        "<init>": "<init>"
      },
      "com/railwayteam/railways/mixin/MixinBezierConnection": {
        "<init>(Lnet/minecraft/nbt/CompoundTag;Lnet/minecraft/core/BlockPos;)V": "Lcom/simibubi/create/content/trains/track/BezierConnection;<init>(Lnet/minecraft/nbt/CompoundTag;Lnet/minecraft/core/BlockPos;)V",
        "<init>(Lnet/minecraft/network/FriendlyByteBuf;)V": "Lcom/simibubi/create/content/trains/track/BezierConnection;<init>(Lnet/minecraft/network/FriendlyByteBuf;)V",
        "write(Lnet/minecraft/core/BlockPos;)Lnet/minecraft/nbt/CompoundTag;": "Lcom/simibubi/create/content/trains/track/BezierConnection;write(Lnet/minecraft/core/BlockPos;)Lnet/minecraft/nbt/CompoundTag;",
        "write(Lnet/minecraft/network/FriendlyByteBuf;)V": "Lcom/simibubi/create/content/trains/track/BezierConnection;write(Lnet/minecraft/network/FriendlyByteBuf;)V"
      },
      "com/railwayteam/railways/mixin/MixinBlockBehaviour": {
        "getDrops": "Lnet/minecraft/world/level/block/state/BlockBehaviour;m_7381_(Lnet/minecraft/world/level/block/state/BlockState;Lnet/minecraft/world/level/storage/loot/LootContext$Builder;)Ljava/util/List;"
      },
      "com/railwayteam/railways/mixin/MixinCarriageBogey": {
        "Lnet/minecraft/nbt/CompoundTag;getString(Ljava/lang/String;)Ljava/lang/String;": "Lnet/minecraft/nbt/CompoundTag;m_128461_(Ljava/lang/String;)Ljava/lang/String;"
      },
      "com/railwayteam/railways/mixin/MixinCarriageContraptionEntity": {
        "Lnet/minecraft/world/phys/Vec3;closerThan(Lnet/minecraft/core/Position;D)Z": "Lnet/minecraft/world/phys/Vec3;m_82509_(Lnet/minecraft/core/Position;D)Z"
      },
      "com/railwayteam/railways/mixin/MixinDirectBeltInputBehaviour": {
        "handleInsertion(Lnet/minecraft/world/item/ItemStack;Lnet/minecraft/core/Direction;Z)Lnet/minecraft/world/item/ItemStack;": "Lcom/simibubi/create/content/kinetics/belt/behaviour/DirectBeltInputBehaviour;handleInsertion(Lnet/minecraft/world/item/ItemStack;Lnet/minecraft/core/Direction;Z)Lnet/minecraft/world/item/ItemStack;"
      },
      "com/railwayteam/railways/mixin/MixinDoorMovingInteraction": {
        "Lnet/minecraft/world/level/block/state/BlockState;getBlock()Lnet/minecraft/world/level/block/Block;": "Lnet/minecraft/world/level/block/state/BlockState;m_60734_()Lnet/minecraft/world/level/block/Block;"
      },
      "com/railwayteam/railways/mixin/MixinGlobalStation": {
        "read(Lnet/minecraft/nbt/CompoundTag;ZLcom/simibubi/create/content/trains/graph/DimensionPalette;)V": "Lcom/simibubi/create/content/trains/station/GlobalStation;read(Lnet/minecraft/nbt/CompoundTag;ZLcom/simibubi/create/content/trains/graph/DimensionPalette;)V",
        "read(Lnet/minecraft/network/FriendlyByteBuf;Lcom/simibubi/create/content/trains/graph/DimensionPalette;)V": "Lcom/simibubi/create/content/trains/station/GlobalStation;read(Lnet/minecraft/network/FriendlyByteBuf;Lcom/simibubi/create/content/trains/graph/DimensionPalette;)V",
        "write(Lnet/minecraft/nbt/CompoundTag;Lcom/simibubi/create/content/trains/graph/DimensionPalette;)V": "Lcom/simibubi/create/content/trains/station/GlobalStation;write(Lnet/minecraft/nbt/CompoundTag;Lcom/simibubi/create/content/trains/graph/DimensionPalette;)V",
        "write(Lnet/minecraft/network/FriendlyByteBuf;Lcom/simibubi/create/content/trains/graph/DimensionPalette;)V": "Lcom/simibubi/create/content/trains/station/GlobalStation;write(Lnet/minecraft/network/FriendlyByteBuf;Lcom/simibubi/create/content/trains/graph/DimensionPalette;)V"
      },
      "com/railwayteam/railways/mixin/MixinIOWorker": {
        "store": "Lnet/minecraft/world/level/chunk/storage/IOWorker;m_63538_(Lnet/minecraft/world/level/ChunkPos;Lnet/minecraft/nbt/CompoundTag;)Ljava/util/concurrent/CompletableFuture;"
      },
      "com/railwayteam/railways/mixin/MixinLootTables": {
        "method_20711": "Lnet/minecraft/world/level/storage/loot/LootTables;m_79196_(Lcom/google/common/collect/ImmutableMap$Builder;Lnet/minecraft/resources/ResourceLocation;Lcom/google/gson/JsonElement;)V"
      },
      "com/railwayteam/railways/mixin/MixinPlayer": {
        "getDimensions": "Lnet/minecraft/world/entity/player/Player;m_6972_(Lnet/minecraft/world/entity/Pose;)Lnet/minecraft/world/entity/EntityDimensions;",
        "getStandingEyeHeight": "Lnet/minecraft/world/entity/player/Player;m_6431_(Lnet/minecraft/world/entity/Pose;Lnet/minecraft/world/entity/EntityDimensions;)F",
        "tick": "Lnet/minecraft/world/entity/player/Player;m_8119_()V"
      },
      "com/railwayteam/railways/mixin/MixinSeatMovementBehaviour": {
        "Lnet/minecraft/world/entity/Entity;stopRiding()V": "Lnet/minecraft/world/entity/Entity;m_8127_()V"
      },
      "com/railwayteam/railways/mixin/MixinSlidingDoorBlock": {
        "Lnet/minecraft/world/level/block/state/BlockState;setValue(Lnet/minecraft/world/level/block/state/properties/Property;Ljava/lang/Comparable;)Ljava/lang/Object;": "Lnet/minecraft/world/level/block/state/BlockState;m_61124_(Lnet/minecraft/world/level/block/state/properties/Property;Ljava/lang/Comparable;)Ljava/lang/Object;",
        "neighborChanged": "Lcom/simibubi/create/content/decoration/slidingDoor/SlidingDoorBlock;m_6861_(Lnet/minecraft/world/level/block/state/BlockState;Lnet/minecraft/world/level/Level;Lnet/minecraft/core/BlockPos;Lnet/minecraft/world/level/block/Block;Lnet/minecraft/core/BlockPos;Z)V",
        "use": "Lcom/simibubi/create/content/decoration/slidingDoor/SlidingDoorBlock;m_6227_(Lnet/minecraft/world/level/block/state/BlockState;Lnet/minecraft/world/level/Level;Lnet/minecraft/core/BlockPos;Lnet/minecraft/world/entity/player/Player;Lnet/minecraft/world/InteractionHand;Lnet/minecraft/world/phys/BlockHitResult;)Lnet/minecraft/world/InteractionResult;"
      },
      "com/railwayteam/railways/mixin/MixinStationBlock": {
        "use": "Lcom/simibubi/create/content/trains/station/StationBlock;m_6227_(Lnet/minecraft/world/level/block/state/BlockState;Lnet/minecraft/world/level/Level;Lnet/minecraft/core/BlockPos;Lnet/minecraft/world/entity/player/Player;Lnet/minecraft/world/InteractionHand;Lnet/minecraft/world/phys/BlockHitResult;)Lnet/minecraft/world/InteractionResult;"
      },
      "com/railwayteam/railways/mixin/MixinStationBlockEntity": {
        "Lnet/minecraft/world/level/Level;playSound(Lnet/minecraft/world/entity/player/Player;Lnet/minecraft/core/BlockPos;Lnet/minecraft/sounds/SoundEvent;Lnet/minecraft/sounds/SoundSource;FF)V": "Lnet/minecraft/world/level/Level;m_5594_(Lnet/minecraft/world/entity/player/Player;Lnet/minecraft/core/BlockPos;Lnet/minecraft/sounds/SoundEvent;Lnet/minecraft/sounds/SoundSource;FF)V",
        "trackClicked": "Lcom/simibubi/create/content/trains/station/StationBlockEntity;trackClicked(Lnet/minecraft/world/entity/player/Player;Lnet/minecraft/world/InteractionHand;Lcom/simibubi/create/content/trains/track/ITrackBlock;Lnet/minecraft/world/level/block/state/BlockState;Lnet/minecraft/core/BlockPos;)Z"
      },
      "com/railwayteam/railways/mixin/MixinStationEditPacket": {
        "Lnet/minecraft/network/FriendlyByteBuf;readBoolean()Z": "Lnet/minecraft/network/FriendlyByteBuf;readBoolean()Z",
        "Lnet/minecraft/network/FriendlyByteBuf;writeBoolean(Z)Lio/netty/buffer/ByteBuf;": "Lnet/minecraft/network/FriendlyByteBuf;writeBoolean(Z)Lio/netty/buffer/ByteBuf;",
        "Lnet/minecraft/world/level/block/state/BlockState;getBlock()Lnet/minecraft/world/level/block/Block;": "Lnet/minecraft/world/level/block/state/BlockState;m_60734_()Lnet/minecraft/world/level/block/Block;",
        "applySettings(Lnet/minecraft/server/level/ServerPlayer;Lcom/simibubi/create/content/trains/station/StationBlockEntity;)V": "Lcom/simibubi/create/content/trains/station/StationEditPacket;applySettings(Lnet/minecraft/server/level/ServerPlayer;Lcom/simibubi/create/content/trains/station/StationBlockEntity;)V"
      },
      "com/railwayteam/railways/mixin/MixinToolboxHandler": {
        "Lnet/minecraft/world/level/Level;getBlockEntity(Lnet/minecraft/core/BlockPos;)Lnet/minecraft/world/level/block/entity/BlockEntity;": "Lnet/minecraft/world/level/Level;m_7702_(Lnet/minecraft/core/BlockPos;)Lnet/minecraft/world/level/block/entity/BlockEntity;",
        "Lnet/minecraft/world/level/Level;isLoaded(Lnet/minecraft/core/BlockPos;)Z": "Lnet/minecraft/world/level/Level;m_46749_(Lnet/minecraft/core/BlockPos;)Z"
      },
      "com/railwayteam/railways/mixin/MixinTrackBlock": {
        "Lnet/minecraft/world/level/Level;scheduleTick(Lnet/minecraft/core/BlockPos;Lnet/minecraft/world/level/block/Block;I)V": "Lnet/minecraft/world/level/Level;m_186460_(Lnet/minecraft/core/BlockPos;Lnet/minecraft/world/level/block/Block;I)V",
        "getCollisionShape": "Lcom/simibubi/create/content/trains/track/TrackBlock;m_5939_(Lnet/minecraft/world/level/block/state/BlockState;Lnet/minecraft/world/level/BlockGetter;Lnet/minecraft/core/BlockPos;Lnet/minecraft/world/phys/shapes/CollisionContext;)Lnet/minecraft/world/phys/shapes/VoxelShape;",
        "onPlace": "Lcom/simibubi/create/content/trains/track/TrackBlock;m_6807_(Lnet/minecraft/world/level/block/state/BlockState;Lnet/minecraft/world/level/Level;Lnet/minecraft/core/BlockPos;Lnet/minecraft/world/level/block/state/BlockState;Z)V",
        "onRemove": "Lcom/simibubi/create/content/trains/track/TrackBlock;m_6810_(Lnet/minecraft/world/level/block/state/BlockState;Lnet/minecraft/world/level/Level;Lnet/minecraft/core/BlockPos;Lnet/minecraft/world/level/block/state/BlockState;Z)V",
        "use": "Lcom/simibubi/create/content/trains/track/TrackBlock;m_6227_(Lnet/minecraft/world/level/block/state/BlockState;Lnet/minecraft/world/level/Level;Lnet/minecraft/core/BlockPos;Lnet/minecraft/world/entity/player/Player;Lnet/minecraft/world/InteractionHand;Lnet/minecraft/world/phys/BlockHitResult;)Lnet/minecraft/world/InteractionResult;"
      },
      "com/railwayteam/railways/mixin/MixinTrackBlockEntity": {
        "Lcom/simibubi/create/foundation/blockEntity/RemoveBlockEntityPacket;<init>(Lnet/minecraft/core/BlockPos;)V": "Lcom/simibubi/create/foundation/blockEntity/RemoveBlockEntityPacket;<init>(Lnet/minecraft/core/BlockPos;)V",
        "Lnet/minecraft/world/level/Level;getBlockState(Lnet/minecraft/core/BlockPos;)Lnet/minecraft/world/level/block/state/BlockState;": "Lnet/minecraft/world/level/Level;m_8055_(Lnet/minecraft/core/BlockPos;)Lnet/minecraft/world/level/block/state/BlockState;"
      },
      "com/railwayteam/railways/mixin/MixinTrackMaterial": {
        "Lnet/minecraft/resources/ResourceLocation;tryParse(Ljava/lang/String;)Lnet/minecraft/resources/ResourceLocation;": "Lnet/minecraft/resources/ResourceLocation;m_135820_(Ljava/lang/String;)Lnet/minecraft/resources/ResourceLocation;"
      },
      "com/railwayteam/railways/mixin/MixinTrackTargetingBlockItem": {
        "Lcom/simibubi/create/content/trains/track/ITrackBlock;getTrackAxes(Lnet/minecraft/world/level/BlockGetter;Lnet/minecraft/core/BlockPos;Lnet/minecraft/world/level/block/state/BlockState;)Ljava/util/List;": "Lcom/simibubi/create/content/trains/track/ITrackBlock;getTrackAxes(Lnet/minecraft/world/level/BlockGetter;Lnet/minecraft/core/BlockPos;Lnet/minecraft/world/level/block/state/BlockState;)Ljava/util/List;",
        "Lnet/minecraft/core/BlockPos;closerThan(Lnet/minecraft/core/Vec3i;D)Z": "Lnet/minecraft/core/BlockPos;m_123314_(Lnet/minecraft/core/Vec3i;D)Z",
        "useOn": "Lcom/simibubi/create/content/trains/track/TrackTargetingBlockItem;m_6225_(Lnet/minecraft/world/item/context/UseOnContext;)Lnet/minecraft/world/InteractionResult;"
      },
      "com/railwayteam/railways/mixin/NbtUtilsMixin": {
        "readBlockState": "Lnet/minecraft/nbt/NbtUtils;m_129241_(Lnet/minecraft/nbt/CompoundTag;)Lnet/minecraft/world/level/block/state/BlockState;",
        "update(Lcom/mojang/datafixers/DataFixer;Lnet/minecraft/util/datafix/DataFixTypes;Lnet/minecraft/nbt/CompoundTag;II)Lnet/minecraft/nbt/CompoundTag;": "Lnet/minecraft/nbt/NbtUtils;m_129218_(Lcom/mojang/datafixers/DataFixer;Lnet/minecraft/util/datafix/DataFixTypes;Lnet/minecraft/nbt/CompoundTag;II)Lnet/minecraft/nbt/CompoundTag;"
      },
      "com/railwayteam/railways/mixin/PlayerEntityMixin": {
        "addAdditionalSaveData": "Lnet/minecraft/world/entity/player/Player;m_7380_(Lnet/minecraft/nbt/CompoundTag;)V"
      },
      "com/railwayteam/railways/mixin/StructureMixin": {
        "save": "Lnet/minecraft/world/level/levelgen/structure/templatesystem/StructureTemplate;m_74618_(Lnet/minecraft/nbt/CompoundTag;)Lnet/minecraft/nbt/CompoundTag;"
      },
      "com/railwayteam/railways/mixin/client/AccessorEntity": {
        "xRot": "f_19858_:F",
        "yRot": "f_19857_:F"
      },
      "com/railwayteam/railways/mixin/client/AccessorLivingEntityRenderer": {
        "setupRotations": "m_7523_(Lnet/minecraft/world/entity/LivingEntity;Lcom/mojang/blaze3d/vertex/PoseStack;FFF)V"
      },
      "com/railwayteam/railways/mixin/client/AccessorTrackBlockOutline": {
        "LONG_CROSS": "LONG_CROSS:Lnet/minecraft/world/phys/shapes/VoxelShape;",
        "LONG_ORTHO": "LONG_ORTHO:Lnet/minecraft/world/phys/shapes/VoxelShape;",
        "LONG_ORTHO_OFFSET": "LONG_ORTHO_OFFSET:Lnet/minecraft/world/phys/shapes/VoxelShape;"
      },
      "com/railwayteam/railways/mixin/client/AccessorWarningScreen": {
        "message": "f_210915_:Lnet/minecraft/client/gui/components/MultiLineLabel;"
      },
      "com/railwayteam/railways/mixin/client/HotbarStorageMixin": {
        "Lnet/minecraft/nbt/NbtIo;write(Lnet/minecraft/nbt/CompoundTag;Ljava/io/File;)V": "Lnet/minecraft/nbt/NbtIo;m_128955_(Lnet/minecraft/nbt/CompoundTag;Ljava/io/File;)V",
        "save": "Lnet/minecraft/client/HotbarManager;m_90805_()V"
      },
      "com/railwayteam/railways/mixin/client/MixinBlockElement_Deserializer": {
        "Lnet/minecraft/client/renderer/block/model/BlockElement$Deserializer;getVector3f(Lcom/google/gson/JsonObject;Ljava/lang/String;)Lcom/mojang/math/Vector3f;": "Lnet/minecraft/client/renderer/block/model/BlockElement$Deserializer;m_111334_(Lcom/google/gson/JsonObject;Ljava/lang/String;)Lcom/mojang/math/Vector3f;",
        "getFrom": "Lnet/minecraft/client/renderer/block/model/BlockElement$Deserializer;m_111352_(Lcom/google/gson/JsonObject;)Lcom/mojang/math/Vector3f;",
        "getTo": "Lnet/minecraft/client/renderer/block/model/BlockElement$Deserializer;m_111346_(Lcom/google/gson/JsonObject;)Lcom/mojang/math/Vector3f;"
      },
      "com/railwayteam/railways/mixin/client/MixinCurvedTrackInteraction": {
        "Lnet/minecraft/client/player/LocalPlayer;getMainHandItem()Lnet/minecraft/world/item/ItemStack;": "Lnet/minecraft/client/player/LocalPlayer;m_21205_()Lnet/minecraft/world/item/ItemStack;"
      },
      "com/railwayteam/railways/mixin/client/MixinDebugRenderer": {
        "render": "Lnet/minecraft/client/renderer/debug/DebugRenderer;m_113457_(Lcom/mojang/blaze3d/vertex/PoseStack;Lnet/minecraft/client/renderer/MultiBufferSource$BufferSource;DDD)V"
      },
      "com/railwayteam/railways/mixin/client/MixinItemModelShaper": {
        "getItemModel(Lnet/minecraft/world/item/ItemStack;)Lnet/minecraft/client/resources/model/BakedModel;": "Lnet/minecraft/client/renderer/ItemModelShaper;m_109406_(Lnet/minecraft/world/item/ItemStack;)Lnet/minecraft/client/resources/model/BakedModel;"
      },
      "com/railwayteam/railways/mixin/client/MixinParticleEngine": {
        "<clinit>": "Lnet/minecraft/client/particle/ParticleEngine;<clinit>()V"
      },
      "com/railwayteam/railways/mixin/client/MixinPlayerInfo": {
        "getCapeLocation": "Lnet/minecraft/client/multiplayer/PlayerInfo;m_105338_()Lnet/minecraft/resources/ResourceLocation;"
      },
      "com/railwayteam/railways/mixin/client/MixinPlayerRenderer": {
        "render(Lnet/minecraft/client/player/AbstractClientPlayer;FFLcom/mojang/blaze3d/vertex/PoseStack;Lnet/minecraft/client/renderer/MultiBufferSource;I)V": "Lnet/minecraft/client/renderer/entity/player/PlayerRenderer;m_7392_(Lnet/minecraft/client/player/AbstractClientPlayer;FFLcom/mojang/blaze3d/vertex/PoseStack;Lnet/minecraft/client/renderer/MultiBufferSource;I)V",
        "renderLeftHand": "Lnet/minecraft/client/renderer/entity/player/PlayerRenderer;m_117813_(Lcom/mojang/blaze3d/vertex/PoseStack;Lnet/minecraft/client/renderer/MultiBufferSource;ILnet/minecraft/client/player/AbstractClientPlayer;)V",
        "renderRightHand": "Lnet/minecraft/client/renderer/entity/player/PlayerRenderer;m_117770_(Lcom/mojang/blaze3d/vertex/PoseStack;Lnet/minecraft/client/renderer/MultiBufferSource;ILnet/minecraft/client/player/AbstractClientPlayer;)V"
      },
      "com/railwayteam/railways/mixin/client/MixinRadialToolboxMenu": {
        "Lcom/simibubi/create/content/equipment/toolbox/ToolboxDisposeAllPacket;<init>(Lnet/minecraft/core/BlockPos;)V": "Lcom/simibubi/create/content/equipment/toolbox/ToolboxDisposeAllPacket;<init>(Lnet/minecraft/core/BlockPos;)V",
        "Lcom/simibubi/create/content/equipment/toolbox/ToolboxEquipPacket;<init>(Lnet/minecraft/core/BlockPos;II)V": "Lcom/simibubi/create/content/equipment/toolbox/ToolboxEquipPacket;<init>(Lnet/minecraft/core/BlockPos;II)V",
        "mouseClicked": "Lcom/simibubi/create/content/equipment/toolbox/RadialToolboxMenu;m_6375_(DDI)Z",
        "removed": "Lcom/simibubi/create/content/equipment/toolbox/RadialToolboxMenu;m_7861_()V"
      },
      "com/railwayteam/railways/mixin/client/MixinStationScreen": {
        "Lcom/simibubi/create/content/trains/station/StationScreen;tickTrainDisplay()V": "Lcom/simibubi/create/content/trains/station/StationScreen;tickTrainDisplay()V",
        "init": "Lcom/simibubi/create/content/trains/station/StationScreen;m_7856_()V"
      },
      "com/railwayteam/railways/mixin/client/MixinTextureAtlas": {
        "cycleAnimationFrames": "Lnet/minecraft/client/renderer/texture/TextureAtlas;m_118270_()V"
      },
      "com/railwayteam/railways/mixin/client/MixinTextureAtlasSprite": {
        "<init>": "Lnet/minecraft/client/renderer/texture/TextureAtlasSprite;<init>(Lnet/minecraft/client/renderer/texture/TextureAtlas;Lnet/minecraft/client/renderer/texture/TextureAtlasSprite$Info;IIIIILcom/mojang/blaze3d/platform/NativeImage;)V"
      },
      "com/railwayteam/railways/mixin/client/MixinTextureAtlasSprite$MixinAnimatedTexture": {
        "uploadFrame": "Lnet/minecraft/client/renderer/texture/TextureAtlasSprite$AnimatedTexture;m_174767_(I)V"
      },
      "com/railwayteam/railways/mixin/client/MixinToolboxHandlerClient": {
        "Lcom/simibubi/create/content/equipment/toolbox/ToolboxHandler;getMaxRange(Lnet/minecraft/world/entity/player/Player;)D": "Lcom/simibubi/create/content/equipment/toolbox/ToolboxHandler;getMaxRange(Lnet/minecraft/world/entity/player/Player;)D",
        "Lnet/minecraft/nbt/NbtUtils;readBlockPos(Lnet/minecraft/nbt/CompoundTag;)Lnet/minecraft/core/BlockPos;": "Lnet/minecraft/nbt/NbtUtils;m_129239_(Lnet/minecraft/nbt/CompoundTag;)Lnet/minecraft/core/BlockPos;",
        "Lnet/minecraft/world/level/Level;getBlockEntity(Lnet/minecraft/core/BlockPos;)Lnet/minecraft/world/level/block/entity/BlockEntity;": "Lnet/minecraft/world/level/Level;m_7702_(Lnet/minecraft/core/BlockPos;)Lnet/minecraft/world/level/block/entity/BlockEntity;"
      },
      "com/railwayteam/railways/mixin/client/MixinTrackBlockClient": {
        "Lcom/simibubi/create/content/trains/track/TrackRenderer;getModelAngles(Lnet/minecraft/world/phys/Vec3;Lnet/minecraft/world/phys/Vec3;)Lnet/minecraft/world/phys/Vec3;": "Lcom/simibubi/create/content/trains/track/TrackRenderer;getModelAngles(Lnet/minecraft/world/phys/Vec3;Lnet/minecraft/world/phys/Vec3;)Lnet/minecraft/world/phys/Vec3;"
      },
      "com/railwayteam/railways/mixin/client/MixinTrackBlockOutline": {
        "Lcom/mojang/blaze3d/vertex/PoseStack;pushPose()V": "Lcom/mojang/blaze3d/vertex/PoseStack;m_85836_()V",
        "Lcom/simibubi/create/content/trains/track/BezierTrackPointLocation;<init>(Lnet/minecraft/core/BlockPos;I)V": "Lcom/simibubi/create/content/trains/track/BezierTrackPointLocation;<init>(Lnet/minecraft/core/BlockPos;I)V",
        "Lcom/simibubi/create/content/trains/track/TrackBlockOutline;renderShape(Lnet/minecraft/world/phys/shapes/VoxelShape;Lcom/mojang/blaze3d/vertex/PoseStack;Lcom/mojang/blaze3d/vertex/VertexConsumer;Ljava/lang/Boolean;)V": "Lcom/simibubi/create/content/trains/track/TrackBlockOutline;renderShape(Lnet/minecraft/world/phys/shapes/VoxelShape;Lcom/mojang/blaze3d/vertex/PoseStack;Lcom/mojang/blaze3d/vertex/VertexConsumer;Ljava/lang/Boolean;)V",
        "Lcom/simibubi/create/foundation/utility/VoxelShaper;get(Lnet/minecraft/core/Direction;)Lnet/minecraft/world/phys/shapes/VoxelShape;": "Lcom/simibubi/create/foundation/utility/VoxelShaper;get(Lnet/minecraft/core/Direction;)Lnet/minecraft/world/phys/shapes/VoxelShape;"
      },
      "com/railwayteam/railways/mixin/client/MixinTrackGraphVisualizer": {
        "Lcom/simibubi/create/foundation/outliner/Outliner;showAABB(Ljava/lang/Object;Lnet/minecraft/world/phys/AABB;)Lcom/simibubi/create/foundation/outliner/Outline$OutlineParams;": "Lcom/simibubi/create/foundation/outliner/Outliner;showAABB(Ljava/lang/Object;Lnet/minecraft/world/phys/AABB;)Lcom/simibubi/create/foundation/outliner/Outline$OutlineParams;",
        "Lcom/simibubi/create/foundation/outliner/Outliner;showItem(Ljava/lang/Object;Lnet/minecraft/world/phys/Vec3;Lnet/minecraft/world/item/ItemStack;)Lcom/simibubi/create/foundation/outliner/Outline$OutlineParams;": "Lcom/simibubi/create/foundation/outliner/Outliner;showItem(Ljava/lang/Object;Lnet/minecraft/world/phys/Vec3;Lnet/minecraft/world/item/ItemStack;)Lcom/simibubi/create/foundation/outliner/Outline$OutlineParams;",
        "Lcom/simibubi/create/foundation/outliner/Outliner;showLine(Ljava/lang/Object;Lnet/minecraft/world/phys/Vec3;Lnet/minecraft/world/phys/Vec3;)Lcom/simibubi/create/foundation/outliner/Outline$OutlineParams;": "Lcom/simibubi/create/foundation/outliner/Outliner;showLine(Ljava/lang/Object;Lnet/minecraft/world/phys/Vec3;Lnet/minecraft/world/phys/Vec3;)Lcom/simibubi/create/foundation/outliner/Outline$OutlineParams;",
        "Lnet/minecraft/world/phys/Vec3;<init>(DDD)V": "Lnet/minecraft/world/phys/Vec3;<init>(DDD)V"
      },
      "com/railwayteam/railways/mixin/client/MixinTrackRenderer": {
        "Lcom/mojang/blaze3d/vertex/PoseStack;pushPose()V": "Lcom/mojang/blaze3d/vertex/PoseStack;m_85836_()V",
        "Lcom/simibubi/create/content/trains/track/TrackRenderer;renderGirder(Lnet/minecraft/world/level/Level;Lcom/simibubi/create/content/trains/track/BezierConnection;Lcom/mojang/blaze3d/vertex/PoseStack;Lcom/mojang/blaze3d/vertex/VertexConsumer;Lnet/minecraft/core/BlockPos;)V": "Lcom/simibubi/create/content/trains/track/TrackRenderer;renderGirder(Lnet/minecraft/world/level/Level;Lcom/simibubi/create/content/trains/track/BezierConnection;Lcom/mojang/blaze3d/vertex/PoseStack;Lcom/mojang/blaze3d/vertex/VertexConsumer;Lnet/minecraft/core/BlockPos;)V",
        "Lnet/minecraft/client/renderer/MultiBufferSource;getBuffer(Lnet/minecraft/client/renderer/RenderType;)Lcom/mojang/blaze3d/vertex/VertexConsumer;": "Lnet/minecraft/client/renderer/MultiBufferSource;m_6299_(Lnet/minecraft/client/renderer/RenderType;)Lcom/mojang/blaze3d/vertex/VertexConsumer;",
        "renderSafe(Lcom/simibubi/create/content/trains/track/TrackBlockEntity;FLcom/mojang/blaze3d/vertex/PoseStack;Lnet/minecraft/client/renderer/MultiBufferSource;II)V": "Lcom/simibubi/create/content/trains/track/TrackRenderer;renderSafe(Lcom/simibubi/create/content/trains/track/TrackBlockEntity;FLcom/mojang/blaze3d/vertex/PoseStack;Lnet/minecraft/client/renderer/MultiBufferSource;II)V"
      },
      "com/railwayteam/railways/mixin/compat/voicechat/EntityAudioChannelImplMixin": {
        "Lnet/minecraft/world/entity/Entity;getEyePosition()Lnet/minecraft/world/phys/Vec3;": "Lnet/minecraft/world/entity/Entity;m_146892_()Lnet/minecraft/world/phys/Vec3;"
      },
      "com/railwayteam/railways/mixin/compat/voicechat/ServerMixin": {
        "Lnet/minecraft/server/level/ServerPlayer;getUUID()Ljava/util/UUID;": "Lnet/minecraft/server/level/ServerPlayer;m_20148_()Ljava/util/UUID;",
        "Lnet/minecraft/server/level/ServerPlayer;isCrouching()Z": "Lnet/minecraft/server/level/ServerPlayer;m_6047_()Z",
        "Lnet/minecraft/server/level/ServerPlayer;position()Lnet/minecraft/world/phys/Vec3;": "Lnet/minecraft/server/level/ServerPlayer;m_20182_()Lnet/minecraft/world/phys/Vec3;",
        "processProximityPacket": "Lde/maxhenkel/voicechat/voice/server/Server;processProximityPacket(Lde/maxhenkel/voicechat/voice/common/PlayerState;Lnet/minecraft/server/level/ServerPlayer;Lde/maxhenkel/voicechat/voice/common/MicPacket;)V"
      },
      "com/railwayteam/railways/mixin/compat/voicechat/ServerWorldUtilsMixin": {
        "Lnet/minecraft/server/level/ServerPlayer;position()Lnet/minecraft/world/phys/Vec3;": "Lnet/minecraft/server/level/ServerPlayer;m_20182_()Lnet/minecraft/world/phys/Vec3;",
        "getPlayersInRange": "Lde/maxhenkel/voicechat/voice/server/ServerWorldUtils;getPlayersInRange(Lnet/minecraft/server/level/ServerLevel;Lnet/minecraft/world/phys/Vec3;DLjava/util/function/Predicate;)Ljava/util/Collection;"
      },
      "com/railwayteam/railways/mixin/conductor_possession/AccessorKeyMapping": {
        "key": "f_90816_:Lcom/mojang/blaze3d/platform/InputConstants$Key;"
      },
      "com/railwayteam/railways/mixin/conductor_possession/ChunkMapMixin": {
        "Lnet/minecraft/server/level/ServerPlayer;getLastSectionPos()Lnet/minecraft/core/SectionPos;": "Lnet/minecraft/server/level/ServerPlayer;m_8965_()Lnet/minecraft/core/SectionPos;",
        "getPlayers": "Lnet/minecraft/server/level/ChunkMap;m_183262_(Lnet/minecraft/world/level/ChunkPos;Z)Ljava/util/List;",
        "move": "Lnet/minecraft/server/level/ChunkMap;m_140184_(Lnet/minecraft/server/level/ServerPlayer;)V"
      },
      "com/railwayteam/railways/mixin/conductor_possession/ClientChunkCacheMixin": {
        "<init>": "Lnet/minecraft/client/multiplayer/ClientChunkCache;<init>(Lnet/minecraft/client/multiplayer/ClientLevel;I)V",
        "Lnet/minecraft/client/multiplayer/ClientChunkCache$Storage;<init>(Lnet/minecraft/client/multiplayer/ClientChunkCache;I)V": "Lnet/minecraft/client/multiplayer/ClientChunkCache$Storage;<init>(Lnet/minecraft/client/multiplayer/ClientChunkCache;I)V",
        "drop": "Lnet/minecraft/client/multiplayer/ClientChunkCache;m_104455_(II)V",
        "getChunk(IILnet/minecraft/world/level/chunk/ChunkStatus;Z)Lnet/minecraft/world/level/chunk/LevelChunk;": "Lnet/minecraft/client/multiplayer/ClientChunkCache;m_7587_(IILnet/minecraft/world/level/chunk/ChunkStatus;Z)Lnet/minecraft/world/level/chunk/LevelChunk;",
        "replaceWithPacketData": "Lnet/minecraft/client/multiplayer/ClientChunkCache;m_194116_(IILnet/minecraft/network/FriendlyByteBuf;Lnet/minecraft/nbt/CompoundTag;Ljava/util/function/Consumer;)Lnet/minecraft/world/level/chunk/LevelChunk;",
        "updateViewRadius": "Lnet/minecraft/client/multiplayer/ClientChunkCache;m_104416_(I)V"
      },
      "com/railwayteam/railways/mixin/conductor_possession/LevelRendererMixin": {
        "Lnet/minecraft/client/player/LocalPlayer;getX()D": "Lnet/minecraft/client/player/LocalPlayer;m_20185_()D",
        "Lnet/minecraft/client/player/LocalPlayer;getY()D": "Lnet/minecraft/client/player/LocalPlayer;m_20186_()D",
        "Lnet/minecraft/client/player/LocalPlayer;getZ()D": "Lnet/minecraft/client/player/LocalPlayer;m_20189_()D",
        "setupRender": "Lnet/minecraft/client/renderer/LevelRenderer;m_194338_(Lnet/minecraft/client/Camera;Lnet/minecraft/client/renderer/culling/Frustum;ZZ)V"
      },
      "com/railwayteam/railways/mixin/conductor_possession/MixinEntity": {
        "push(Lnet/minecraft/world/entity/Entity;)V": "Lnet/minecraft/world/entity/Entity;m_7334_(Lnet/minecraft/world/entity/Entity;)V",
        "turn": "Lnet/minecraft/world/entity/Entity;m_19884_(DD)V"
      },
      "com/railwayteam/railways/mixin/conductor_possession/MixinGameRenderer": {
        "bobView": "Lnet/minecraft/client/renderer/GameRenderer;m_109138_(Lcom/mojang/blaze3d/vertex/PoseStack;F)V",
        "checkEntityPostEffect": "Lnet/minecraft/client/renderer/GameRenderer;m_109106_(Lnet/minecraft/world/entity/Entity;)V",
        "shouldRenderBlockOutline": "Lnet/minecraft/client/renderer/GameRenderer;m_109158_()Z"
      },
      "com/railwayteam/railways/mixin/conductor_possession/MixinGui": {
        "renderExperienceBar": "Lnet/minecraft/client/gui/Gui;m_93071_(Lcom/mojang/blaze3d/vertex/PoseStack;I)V"
      },
      "com/railwayteam/railways/mixin/conductor_possession/MixinItemInHandRenderer": {
        "renderHandsWithItems": "Lnet/minecraft/client/renderer/ItemInHandRenderer;m_109314_(FLcom/mojang/blaze3d/vertex/PoseStack;Lnet/minecraft/client/renderer/MultiBufferSource$BufferSource;Lnet/minecraft/client/player/LocalPlayer;I)V"
      },
      "com/railwayteam/railways/mixin/conductor_possession/MixinLocalPlayer": {
        "Lnet/minecraft/client/player/LocalPlayer;isControlledCamera()Z": "Lnet/minecraft/client/player/LocalPlayer;m_108636_()Z",
        "sendPosition": "Lnet/minecraft/client/player/LocalPlayer;m_108640_()V"
      },
      "com/railwayteam/railways/mixin/conductor_possession/MixinMinecraft": {
        "handleKeybinds": "Lnet/minecraft/client/Minecraft;m_91279_()V"
      },
      "com/railwayteam/railways/mixin/conductor_possession/PlayerListMixin": {
        "Lnet/minecraft/server/level/ServerPlayer;getZ()D": "Lnet/minecraft/server/level/ServerPlayer;m_20189_()D",
        "broadcast": "Lnet/minecraft/server/players/PlayerList;m_11241_(Lnet/minecraft/world/entity/player/Player;DDDDLnet/minecraft/resources/ResourceKey;Lnet/minecraft/network/protocol/Packet;)V"
      },
      "com/railwayteam/railways/mixin/conductor_possession/ServerPlayerMixin": {
        "Lnet/minecraft/server/level/ServerPlayer;absMoveTo(DDDFF)V": "Lnet/minecraft/server/level/ServerPlayer;m_19890_(DDDFF)V",
        "setCamera": "Lnet/minecraft/server/level/ServerPlayer;m_9213_(Lnet/minecraft/world/entity/Entity;)V",
        "tick": "Lnet/minecraft/server/level/ServerPlayer;m_8119_()V"
      },
      "com/railwayteam/railways/mixin/conductor_possession/TrackedEntityMixin": {
        "Lnet/minecraft/world/phys/Vec3;x:D": "Lnet/minecraft/world/phys/Vec3;f_82479_:D",
        "updatePlayer": "Lnet/minecraft/server/level/ChunkMap$TrackedEntity;m_140497_(Lnet/minecraft/server/level/ServerPlayer;)V"
      }
    }
  }
}