{
	"credit": "Made with Blockbench",
	"ambientocclusion": false,
	"texture_size": [32, 32],
	"textures": {
		"1": "create:block/standard_track",
		"2": "create:block/standard_track_mip",
		"3": "create:block/standard_track_crossing",
		"particle": "create:block/standard_track_crossing"
	},
	"elements": [
		{
			"name": "cube1",
			"from": [10, -2.01875, -6.95],
			"to": [14, 2.08125, 8],
			"rotation": {"angle": 0, "axis": "y", "origin": [8, 0, 8]},
			"faces": {
				"east": {"uv": [3.5, 2, 11, 4], "texture": "#1"},
				"west": {"uv": [11, 2, 3.5, 4], "texture": "#1"},
				"down": {"uv": [3.5, 4, 11, 6], "rotation": 90, "texture": "#1"}
			}
		},
		{
			"name": "cube2",
			"from": [2, -2.01875, -6.95],
			"to": [6, 2.08125, 8],
			"rotation": {"angle": 0, "axis": "y", "origin": [8, 0, 8]},
			"faces": {
				"east": {"uv": [3.5, 2, 11, 4], "texture": "#1"},
				"west": {"uv": [11, 2, 3.5, 4], "texture": "#1"},
				"down": {"uv": [3.5, 4, 11, 6], "rotation": 90, "texture": "#1"}
			}
		},
		{
			"name": "cube3",
			"from": [10, -2.01875, 8],
			"to": [14, 2.08125, 22.95],
			"rotation": {"angle": 0, "axis": "y", "origin": [8, 0, 8]},
			"faces": {
				"east": {"uv": [11, 2, 3.5, 4], "texture": "#1"},
				"west": {"uv": [3.5, 2, 11, 4], "texture": "#1"},
				"down": {"uv": [3.5, 4, 11, 6], "rotation": 270, "texture": "#1"}
			}
		},
		{
			"name": "cube4",
			"from": [2, -2.01875, 8],
			"to": [6, 2.08125, 22.95],
			"rotation": {"angle": 0, "axis": "y", "origin": [8, 0, 8]},
			"faces": {
				"east": {"uv": [11, 2, 3.5, 4], "texture": "#1"},
				"west": {"uv": [3.5, 2, 11, 4], "texture": "#1"},
				"down": {"uv": [3.5, 4, 11, 6], "rotation": 270, "texture": "#1"}
			}
		},
		{
			"name": "cube5",
			"from": [0, -2.01875, 8],
			"to": [16, 2.08125, 22.95],
			"rotation": {"angle": 0, "axis": "y", "origin": [8, 0, 8]},
			"faces": {
				"south": {"uv": [11, 0.5, 13.05, 8.5], "rotation": 90, "texture": "#2"},
				"up": {"uv": [3.5, 0.5, 10.975, 8.5], "rotation": 90, "texture": "#2"}
			}
		},
		{
			"name": "cube6",
			"from": [0, -2.01875, -6.95],
			"to": [16, 2.08125, 8],
			"rotation": {"angle": 0, "axis": "y", "origin": [8, 0, 8]},
			"faces": {
				"north": {"uv": [11, 0.5, 13.05, 8.5], "rotation": 90, "texture": "#2"},
				"up": {"uv": [3.5, 0.5, 10.975, 8.5], "rotation": 270, "texture": "#2"}
			}
		},
		{
			"name": "tie1",
			"from": [0, 1.03125, -2.55],
			"to": [16, 1.08125, 1.65],
			"rotation": {"angle": 0, "axis": "y", "origin": [8, 0, 8]},
			"faces": {
				"up": {"uv": [0, 8.5, 8, 10.5], "rotation": 180, "texture": "#1"},
				"down": {"uv": [0, 8.5, 8, 10.5], "texture": "#1"}
			}
		},
		{
			"name": "tie2",
			"from": [0, 5.43125, -2.45],
			"to": [16, 5.48125, 1.55],
			"rotation": {"angle": 0, "axis": "y", "origin": [8, 0, 8]},
			"faces": {
				"up": {"uv": [0, 11.5, 8, 13.5], "rotation": 180, "texture": "#1"},
				"down": {"uv": [0, 8.5, 8, 10.5], "texture": "#1"}
			}
		},
		{
			"name": "tie3",
			"from": [0, 1.08125, -2],
			"to": [16, 5.48125, 1.1],
			"rotation": {"angle": 0, "axis": "y", "origin": [8, 0, 8]},
			"faces": {
				"north": {"uv": [0, 6, 8, 8], "texture": "#1"},
				"east": {"uv": [11, 2, 12.5, 4], "texture": "#1"},
				"south": {"uv": [0, 6, 8, 8], "texture": "#1"},
				"west": {"uv": [11, 2, 12.5, 4], "texture": "#1"}
			}
		},
		{
			"name": "tie4",
			"from": [0, 5.43125, 14.45],
			"to": [16, 5.48125, 18.45],
			"rotation": {"angle": 0, "axis": "y", "origin": [8, 0, 8]},
			"faces": {
				"up": {"uv": [0, 13.5, 8, 11.5], "rotation": 180, "texture": "#1"},
				"down": {"uv": [0, 10.5, 8, 8.5], "texture": "#1"}
			}
		},
		{
			"name": "tie5",
			"from": [0, 1.08125, 14.9],
			"to": [16, 5.48125, 18],
			"rotation": {"angle": 0, "axis": "y", "origin": [8, 0, 8]},
			"faces": {
				"north": {"uv": [8, 6, 0, 8], "texture": "#1"},
				"east": {"uv": [12.5, 2, 11, 4], "texture": "#1"},
				"south": {"uv": [8, 6, 0, 8], "texture": "#1"},
				"west": {"uv": [12.5, 2, 11, 4], "texture": "#1"}
			}
		},
		{
			"name": "tie6",
			"from": [0, 1.03125, 14.35],
			"to": [16, 1.08125, 18.55],
			"rotation": {"angle": 0, "axis": "y", "origin": [8, 0, 8]},
			"faces": {
				"up": {"uv": [0, 10.5, 8, 8.5], "rotation": 180, "texture": "#1"},
				"down": {"uv": [0, 10.5, 8, 8.5], "texture": "#1"}
			}
		},
		{
			"name": "cube1",
			"from": [8, -1.95625, 10],
			"to": [22.95, 2.14375, 14],
			"rotation": {"angle": 0, "axis": "y", "origin": [8, 0, 8]},
			"faces": {
				"north": {"uv": [11, 2, 3.5, 4], "texture": "#1"},
				"south": {"uv": [3.5, 2, 11, 4], "texture": "#1"},
				"down": {"uv": [3.5, 4, 11, 6], "texture": "#1"}
			}
		},
		{
			"name": "cube2",
			"from": [8, -1.95625, 2],
			"to": [22.95, 2.14375, 6],
			"rotation": {"angle": 0, "axis": "y", "origin": [8, 0, 8]},
			"faces": {
				"north": {"uv": [11, 2, 3.5, 4], "texture": "#1"},
				"south": {"uv": [3.5, 2, 11, 4], "texture": "#1"},
				"down": {"uv": [3.5, 4, 11, 6], "texture": "#1"}
			}
		},
		{
			"name": "cube3",
			"from": [-6.95, -1.95625, 10],
			"to": [8, 2.14375, 14],
			"rotation": {"angle": 0, "axis": "y", "origin": [8, 0, 8]},
			"faces": {
				"north": {"uv": [3.5, 2, 11, 4], "texture": "#1"},
				"south": {"uv": [11, 2, 3.5, 4], "texture": "#1"},
				"down": {"uv": [3.5, 4, 11, 6], "rotation": 180, "texture": "#1"}
			}
		},
		{
			"name": "cube4",
			"from": [-6.95, -1.95625, 2],
			"to": [8, 2.14375, 6],
			"rotation": {"angle": 0, "axis": "y", "origin": [8, 0, 8]},
			"faces": {
				"north": {"uv": [3.5, 2, 11, 4], "texture": "#1"},
				"south": {"uv": [11, 2, 3.5, 4], "texture": "#1"},
				"down": {"uv": [3.5, 4, 11, 6], "rotation": 180, "texture": "#1"}
			}
		},
		{
			"name": "cube5",
			"from": [-6.95, -1.95625, 0],
			"to": [8, 2.14375, 16],
			"rotation": {"angle": 0, "axis": "y", "origin": [8, 0, 8]},
			"faces": {
				"west": {"uv": [11, 0.5, 13.05, 8.5], "rotation": 90, "texture": "#2"},
				"up": {"uv": [3.5, 0.5, 10.975, 8.5], "rotation": 180, "texture": "#2"}
			}
		},
		{
			"name": "cube6",
			"from": [8, -1.95625, 0],
			"to": [22.95, 2.14375, 16],
			"rotation": {"angle": 0, "axis": "y", "origin": [8, 0, 8]},
			"faces": {
				"east": {"uv": [11, 0.5, 13.05, 8.5], "rotation": 90, "texture": "#2"},
				"up": {"uv": [3.5, 0.5, 10.975, 8.5], "texture": "#2"}
			}
		},
		{
			"name": "tie1",
			"from": [14.35, 1.09375, 0],
			"to": [18.55, 1.14375, 16],
			"rotation": {"angle": 0, "axis": "y", "origin": [8, 0, 8]},
			"faces": {
				"up": {"uv": [0, 8.5, 8, 10.5], "rotation": 270, "texture": "#1"},
				"down": {"uv": [0, 8.5, 8, 10.5], "rotation": 270, "texture": "#1"}
			}
		},
		{
			"name": "tie2",
			"from": [14.45, 5.49375, 0],
			"to": [18.45, 5.54375, 16],
			"rotation": {"angle": 0, "axis": "y", "origin": [8, 0, 8]},
			"faces": {
				"up": {"uv": [0, 11.5, 8, 13.5], "rotation": 270, "texture": "#1"},
				"down": {"uv": [0, 8.5, 8, 10.5], "rotation": 270, "texture": "#1"}
			}
		},
		{
			"name": "tie3",
			"from": [14.9, 1.14375, 0],
			"to": [18, 5.54375, 16],
			"rotation": {"angle": 0, "axis": "y", "origin": [8, 0, 8]},
			"faces": {
				"north": {"uv": [11, 2, 12.5, 4], "texture": "#1"},
				"east": {"uv": [0, 6, 8, 8], "texture": "#1"},
				"south": {"uv": [11, 2, 12.5, 4], "texture": "#1"},
				"west": {"uv": [0, 6, 8, 8], "texture": "#1"}
			}
		},
		{
			"name": "tie4",
			"from": [-2.45, 5.49375, 0],
			"to": [1.55, 5.54375, 16],
			"rotation": {"angle": 0, "axis": "y", "origin": [8, 0, 8]},
			"faces": {
				"up": {"uv": [0, 13.5, 8, 11.5], "rotation": 270, "texture": "#1"},
				"down": {"uv": [0, 10.5, 8, 8.5], "rotation": 270, "texture": "#1"}
			}
		},
		{
			"name": "tie5",
			"from": [-2, 1.14375, 0],
			"to": [1.1, 5.54375, 16],
			"rotation": {"angle": 0, "axis": "y", "origin": [8, 0, 8]},
			"faces": {
				"north": {"uv": [12.5, 2, 11, 4], "texture": "#1"},
				"east": {"uv": [8, 6, 0, 8], "texture": "#1"},
				"south": {"uv": [12.5, 2, 11, 4], "texture": "#1"},
				"west": {"uv": [8, 6, 0, 8], "texture": "#1"}
			}
		},
		{
			"name": "tie6",
			"from": [-2.55, 1.09375, 0],
			"to": [1.65, 1.14375, 16],
			"rotation": {"angle": 0, "axis": "y", "origin": [8, 0, 8]},
			"faces": {
				"up": {"uv": [0, 10.5, 8, 8.5], "rotation": 270, "texture": "#1"},
				"down": {"uv": [0, 10.5, 8, 8.5], "rotation": 270, "texture": "#1"}
			}
		},
		{
			"name": "+x +z",
			"from": [7.95, -2.05, 7.95],
			"to": [15.05, 2.2, 15.05],
			"rotation": {"angle": 0, "axis": "y", "origin": [8, 0, 8]},
			"faces": {
				"east": {"uv": [1, 1, 4.5, 3], "texture": "#3"},
				"south": {"uv": [11.5, 1, 15, 3], "texture": "#3"},
				"up": {"uv": [11.5, 11.5, 15, 15], "texture": "#3"},
				"down": {"uv": [11.5, 1, 15, 4.5], "texture": "#3"}
			}
		},
		{
			"name": "-x +z",
			"from": [0.95, -2.05, 7.95],
			"to": [8.05, 2.2, 15.05],
			"rotation": {"angle": 0, "axis": "y", "origin": [8, 0, 8]},
			"faces": {
				"south": {"uv": [1, 1, 4.5, 3], "texture": "#3"},
				"west": {"uv": [11.5, 1, 15, 3], "texture": "#3"},
				"up": {"uv": [1, 11.5, 4.5, 15], "texture": "#3"},
				"down": {"uv": [1, 1, 4.5, 4.5], "texture": "#3"}
			}
		},
		{
			"name": "-x -z",
			"from": [0.95, -2.05, 0.95],
			"to": [8.05, 2.2, 8.05],
			"rotation": {"angle": 0, "axis": "y", "origin": [8, 0, 8]},
			"faces": {
				"north": {"uv": [11.5, 1, 15, 3], "texture": "#3"},
				"west": {"uv": [1, 1, 4.5, 3], "texture": "#3"},
				"up": {"uv": [1, 1, 4.5, 4.5], "texture": "#3"},
				"down": {"uv": [1, 11.5, 4.5, 15], "texture": "#3"}
			}
		},
		{
			"name": "+x -z",
			"from": [7.95, -2.05, 0.95],
			"to": [15.05, 2.2, 8.05],
			"rotation": {"angle": 0, "axis": "y", "origin": [8, 0, 8]},
			"faces": {
				"north": {"uv": [1, 1, 4.5, 3], "texture": "#3"},
				"east": {"uv": [11.5, 1, 15, 3], "texture": "#3"},
				"up": {"uv": [11.5, 1, 15, 4.5], "texture": "#3"},
				"down": {"uv": [11.5, 11.5, 15, 15], "texture": "#3"}
			}
		}
	],
	"groups": [
		{
			"name": "x_ortho",
			"origin": [0, 0, 0],
			"color": 0,
			"children": [0, 1, 2, 3, 4, 5, 6, 7, 8, 9, 10, 11]
		},
		{
			"name": "z_ortho",
			"origin": [0, 0, 0],
			"color": 0,
			"children": [12, 13, 14, 15, 16, 17, 18, 19, 20, 21, 22, 23]
		},
		{
			"name": "center",
			"origin": [8, 0, 8],
			"color": 0,
			"children": [24, 25, 26, 27]
		}
	]
}