{
	"credit": "Made with Blockbench",
	"ambientocclusion": false,
	"texture_size": [32, 32],
	"textures": {
		"1": "create:block/standard_track",
		"2": "create:block/standard_track_mip",
		"3": "create:block/standard_track_crossing",
		"particle": "create:block/standard_track_crossing"
	},
	"elements": [
		{
			"name": "cube1",
			"from": [16, -2.05, 2.75],
			"to": [30.95, 2.05, 6.75],
			"rotation": {"angle": 45, "axis": "y", "origin": [16, 8, 16]},
			"faces": {
				"north": {"uv": [11, 2, 3.5, 4], "texture": "#1"},
				"south": {"uv": [3.5, 2, 11, 4], "texture": "#1"},
				"down": {"uv": [3.5, 4, 11, 6], "texture": "#1"}
			}
		},
		{
			"name": "cube2",
			"from": [16, -2.05, -4.75],
			"to": [30.95, 2.05, -0.75],
			"rotation": {"angle": 45, "axis": "y", "origin": [16, 8, 16]},
			"faces": {
				"north": {"uv": [11, 2, 3.5, 4], "texture": "#1"},
				"south": {"uv": [3.5, 2, 11, 4], "texture": "#1"},
				"down": {"uv": [3.5, 4, 11, 6], "texture": "#1"}
			}
		},
		{
			"name": "cube3",
			"from": [1.05, -2.05, 2.75],
			"to": [16, 2.05, 6.75],
			"rotation": {"angle": 45, "axis": "y", "origin": [16, 8, 16]},
			"faces": {
				"north": {"uv": [3.5, 2, 11, 4], "texture": "#1"},
				"south": {"uv": [11, 2, 3.5, 4], "texture": "#1"},
				"down": {"uv": [3.5, 4, 11, 6], "rotation": 180, "texture": "#1"}
			}
		},
		{
			"name": "cube5",
			"from": [16, -2.05, 10.25],
			"to": [30.95, 2.05, 14.25],
			"rotation": {"angle": 45, "axis": "y", "origin": [16, 8, 16]},
			"faces": {
				"north": {"uv": [11, 2, 3.5, 4], "texture": "#1"},
				"south": {"uv": [3.5, 2, 11, 4], "texture": "#1"},
				"down": {"uv": [3.5, 4, 11, 6], "texture": "#1"}
			}
		},
		{
			"name": "cube4",
			"from": [1.05, -2.05, 10.25],
			"to": [16, 2.05, 14.25],
			"rotation": {"angle": 45, "axis": "y", "origin": [16, 8, 16]},
			"faces": {
				"north": {"uv": [3.5, 2, 11, 4], "texture": "#1"},
				"south": {"uv": [11, 2, 3.5, 4], "texture": "#1"},
				"down": {"uv": [3.5, 4, 11, 6], "rotation": 180, "texture": "#1"}
			}
		},
		{
			"name": "cube6",
			"from": [1.05, -2.05, -4.75],
			"to": [16, 2.05, -0.75],
			"rotation": {"angle": 45, "axis": "y", "origin": [16, 8, 16]},
			"faces": {
				"north": {"uv": [3.5, 2, 11, 4], "texture": "#1"},
				"south": {"uv": [11, 2, 3.5, 4], "texture": "#1"},
				"down": {"uv": [3.5, 4, 11, 6], "rotation": 180, "texture": "#1"}
			}
		},
		{
			"name": "cube7",
			"from": [1.05, -2.05, -6.75],
			"to": [7, 2.05, 1.25],
			"rotation": {"angle": 45, "axis": "y", "origin": [16, 8, 16]},
			"faces": {
				"west": {"uv": [11, 4.5, 13, 8.5], "rotation": 90, "texture": "#2"},
				"up": {"uv": [0, 4.5, 3, 8.5], "rotation": 180, "texture": "#2"}
			}
		},
		{
			"name": "cube8",
			"from": [1.05, -2.05, 0.75],
			"to": [16, 2.05, 8.75],
			"rotation": {"angle": 45, "axis": "y", "origin": [16, 8, 16]},
			"faces": {
				"west": {"uv": [11, 4.5, 13, 8.5], "rotation": 90, "texture": "#2"},
				"up": {"uv": [3.5, 4.5, 11, 8.5], "rotation": 180, "texture": "#2"}
			}
		},
		{
			"name": "cube9",
			"from": [1.05, -2.05, 8.25],
			"to": [7, 2.05, 16.25],
			"rotation": {"angle": 45, "axis": "y", "origin": [16, 8, 16]},
			"faces": {
				"west": {"uv": [11, 4.5, 13, 8.5], "rotation": 90, "texture": "#2"},
				"up": {"uv": [0, 4.5, 3, 8.5], "rotation": 180, "texture": "#2"}
			}
		},
		{
			"name": "cube10",
			"from": [25, -2.05, -6.75],
			"to": [30.95, 2.05, 1.25],
			"rotation": {"angle": 45, "axis": "y", "origin": [16, 8, 16]},
			"faces": {
				"east": {"uv": [11, 4.5, 13, 8.5], "rotation": 90, "texture": "#2"},
				"up": {"uv": [0, 4.5, 3, 8.5], "texture": "#2"}
			}
		},
		{
			"name": "cube11",
			"from": [16, -2.05, 0.75],
			"to": [30.95, 2.05, 8.75],
			"rotation": {"angle": 45, "axis": "y", "origin": [16, 8, 16]},
			"faces": {
				"east": {"uv": [11, 4.5, 13, 8.5], "rotation": 90, "texture": "#2"},
				"up": {"uv": [3.5, 4.5, 11, 8.5], "texture": "#2"}
			}
		},
		{
			"name": "cube12",
			"from": [25, -2.05, 8.25],
			"to": [30.95, 2.05, 16.25],
			"rotation": {"angle": 45, "axis": "y", "origin": [16, 8, 16]},
			"faces": {
				"east": {"uv": [11, 4.5, 13, 8.5], "rotation": 90, "texture": "#2"},
				"up": {"uv": [3, 4.5, 0, 8.5], "texture": "#2"}
			}
		},
		{
			"name": "rail1",
			"from": [22.35, 1, -3.25],
			"to": [26.55, 1.05, 12.75],
			"rotation": {"angle": 45, "axis": "y", "origin": [16, 8, 16]},
			"faces": {
				"up": {"uv": [0, 8.5, 8, 10.5], "rotation": 270, "texture": "#1"},
				"down": {"uv": [0, 8.5, 8, 10.5], "rotation": 270, "texture": "#1"}
			}
		},
		{
			"name": "rail2",
			"from": [22.45, 5.4, -3.25],
			"to": [26.45, 5.45, 12.75],
			"rotation": {"angle": 45, "axis": "y", "origin": [16, 8, 16]},
			"faces": {
				"up": {"uv": [0, 11.5, 8, 13.5], "rotation": 270, "texture": "#1"},
				"down": {"uv": [0, 8.5, 8, 10.5], "rotation": 270, "texture": "#1"}
			}
		},
		{
			"name": "rail3",
			"from": [22.9, 1.05, -3.25],
			"to": [26, 5.45, 12.75],
			"rotation": {"angle": 45, "axis": "y", "origin": [16, 8, 16]},
			"faces": {
				"north": {"uv": [11, 2, 12.5, 4], "texture": "#1"},
				"east": {"uv": [0, 6, 8, 8], "texture": "#1"},
				"south": {"uv": [11, 2, 12.5, 4], "texture": "#1"},
				"west": {"uv": [0, 6, 8, 8], "texture": "#1"}
			}
		},
		{
			"name": "rail4",
			"from": [5.55, 5.4, -3.25],
			"to": [9.55, 5.45, 12.75],
			"rotation": {"angle": 45, "axis": "y", "origin": [16, 8, 16]},
			"faces": {
				"up": {"uv": [0, 13.5, 8, 11.5], "rotation": 270, "texture": "#1"},
				"down": {"uv": [0, 10.5, 8, 8.5], "rotation": 270, "texture": "#1"}
			}
		},
		{
			"name": "rail5",
			"from": [6, 1.05, -3.25],
			"to": [9.1, 5.45, 12.75],
			"rotation": {"angle": 45, "axis": "y", "origin": [16, 8, 16]},
			"faces": {
				"north": {"uv": [12.5, 2, 11, 4], "texture": "#1"},
				"east": {"uv": [8, 6, 0, 8], "texture": "#1"},
				"south": {"uv": [12.5, 2, 11, 4], "texture": "#1"},
				"west": {"uv": [8, 6, 0, 8], "texture": "#1"}
			}
		},
		{
			"name": "rail6",
			"from": [5.45, 1, -0.75],
			"to": [9.65, 1.05, 10.25],
			"rotation": {"angle": 45, "axis": "y", "origin": [16, 8, 16]},
			"faces": {
				"up": {"uv": [0, 10.5, 8, 8.5], "rotation": 270, "texture": "#1"},
				"down": {"uv": [0, 10.5, 8, 8.5], "rotation": 270, "texture": "#1"}
			}
		},
		{
			"name": "cube1",
			"from": [14, -1.9875, 4.75],
			"to": [18, 2.1125, 19.7],
			"rotation": {"angle": 45, "axis": "y", "origin": [16, 8, 16]},
			"faces": {
				"east": {"uv": [11, 2, 3.5, 4], "texture": "#1"},
				"west": {"uv": [3.5, 2, 11, 4], "texture": "#1"},
				"down": {"uv": [3.5, 4, 11, 6], "rotation": 270, "texture": "#1"}
			}
		},
		{
			"name": "cube2",
			"from": [21.5, -1.9875, 4.75],
			"to": [25.5, 2.1125, 19.7],
			"rotation": {"angle": 45, "axis": "y", "origin": [16, 8, 16]},
			"faces": {
				"east": {"uv": [11, 2, 3.5, 4], "texture": "#1"},
				"west": {"uv": [3.5, 2, 11, 4], "texture": "#1"},
				"down": {"uv": [3.5, 4, 11, 6], "rotation": 270, "texture": "#1"}
			}
		},
		{
			"name": "cube3",
			"from": [14, -1.9875, -10.2],
			"to": [18, 2.1125, 4.75],
			"rotation": {"angle": 45, "axis": "y", "origin": [16, 8, 16]},
			"faces": {
				"east": {"uv": [3.5, 2, 11, 4], "texture": "#1"},
				"west": {"uv": [11, 2, 3.5, 4], "texture": "#1"},
				"down": {"uv": [3.5, 4, 11, 6], "rotation": 90, "texture": "#1"}
			}
		},
		{
			"name": "cube5",
			"from": [6.5, -1.9875, 4.75],
			"to": [10.5, 2.1125, 19.7],
			"rotation": {"angle": 45, "axis": "y", "origin": [16, 8, 16]},
			"faces": {
				"east": {"uv": [11, 2, 3.5, 4], "texture": "#1"},
				"west": {"uv": [3.5, 2, 11, 4], "texture": "#1"},
				"down": {"uv": [3.5, 4, 11, 6], "rotation": 270, "texture": "#1"}
			}
		},
		{
			"name": "cube4",
			"from": [6.5, -1.9875, -10.2],
			"to": [10.5, 2.1125, 4.75],
			"rotation": {"angle": 45, "axis": "y", "origin": [16, 8, 16]},
			"faces": {
				"east": {"uv": [3.5, 2, 11, 4], "texture": "#1"},
				"west": {"uv": [11, 2, 3.5, 4], "texture": "#1"},
				"down": {"uv": [3.5, 4, 11, 6], "rotation": 90, "texture": "#1"}
			}
		},
		{
			"name": "cube6",
			"from": [21.5, -1.9875, -10.2],
			"to": [25.5, 2.1125, 4.75],
			"rotation": {"angle": 45, "axis": "y", "origin": [16, 8, 16]},
			"faces": {
				"east": {"uv": [3.5, 2, 11, 4], "texture": "#1"},
				"west": {"uv": [11, 2, 3.5, 4], "texture": "#1"},
				"down": {"uv": [3.5, 4, 11, 6], "rotation": 90, "texture": "#1"}
			}
		},
		{
			"name": "cube7",
			"from": [19.5, -1.9875, -10.2],
			"to": [27.5, 2.1125, -0.25],
			"rotation": {"angle": 45, "axis": "y", "origin": [16, 8, 16]},
			"faces": {
				"north": {"uv": [11, 4.5, 13, 8.5], "rotation": 90, "texture": "#2"},
				"up": {"uv": [0, 4.5, 5, 8.5], "rotation": 270, "texture": "#2"}
			}
		},
		{
			"name": "cube8",
			"from": [12, -1.9875, -10.2],
			"to": [20, 2.1125, 4.75],
			"rotation": {"angle": 45, "axis": "y", "origin": [16, 8, 16]},
			"faces": {
				"north": {"uv": [11, 4.5, 13, 8.5], "rotation": 90, "texture": "#2"},
				"up": {"uv": [3.5, 4.5, 11, 8.5], "rotation": 270, "texture": "#2"}
			}
		},
		{
			"name": "cube9",
			"from": [4.5, -1.9875, -10.2],
			"to": [12.5, 2.1125, -0.25],
			"rotation": {"angle": 45, "axis": "y", "origin": [16, 8, 16]},
			"faces": {
				"north": {"uv": [11, 4.5, 13, 8.5], "rotation": 90, "texture": "#2"},
				"up": {"uv": [0, 4.5, 5, 8.5], "rotation": 270, "texture": "#2"}
			}
		},
		{
			"name": "cube10",
			"from": [19.5, -1.9875, 9.75],
			"to": [27.5, 2.1125, 19.7],
			"rotation": {"angle": 45, "axis": "y", "origin": [16, 8, 16]},
			"faces": {
				"south": {"uv": [11, 4.5, 13, 8.5], "rotation": 90, "texture": "#2"},
				"up": {"uv": [5, 4.5, 0, 8.5], "rotation": 90, "texture": "#2"}
			}
		},
		{
			"name": "cube11",
			"from": [12, -1.9875, 4.75],
			"to": [20, 2.1125, 19.7],
			"rotation": {"angle": 45, "axis": "y", "origin": [16, 8, 16]},
			"faces": {
				"south": {"uv": [11, 4.5, 13, 8.5], "rotation": 90, "texture": "#2"},
				"up": {"uv": [3.5, 4.5, 11, 8.5], "rotation": 90, "texture": "#2"}
			}
		},
		{
			"name": "cube12",
			"from": [4.5, -1.9875, 9.75],
			"to": [12.5, 2.1125, 19.7],
			"rotation": {"angle": 45, "axis": "y", "origin": [16, 8, 16]},
			"faces": {
				"south": {"uv": [11, 4.5, 13, 8.5], "rotation": 90, "texture": "#2"},
				"up": {"uv": [0, 4.5, 5, 8.5], "rotation": 90, "texture": "#2"}
			}
		},
		{
			"name": "rail1",
			"from": [8, 1.0625, 11.1],
			"to": [24, 1.1125, 15.3],
			"rotation": {"angle": 45, "axis": "y", "origin": [16, 8, 16]},
			"faces": {
				"up": {"uv": [0, 8.5, 8, 10.5], "texture": "#1"},
				"down": {"uv": [0, 8.5, 8, 10.5], "rotation": 180, "texture": "#1"}
			}
		},
		{
			"name": "rail2",
			"from": [8, 5.4625, 11.2],
			"to": [24, 5.5125, 15.2],
			"rotation": {"angle": 45, "axis": "y", "origin": [16, 8, 16]},
			"faces": {
				"up": {"uv": [0, 11.5, 8, 13.5], "texture": "#1"},
				"down": {"uv": [0, 8.5, 8, 10.5], "rotation": 180, "texture": "#1"}
			}
		},
		{
			"name": "rail3",
			"from": [8, 1.1125, 11.65],
			"to": [24, 5.5125, 14.75],
			"rotation": {"angle": 45, "axis": "y", "origin": [16, 8, 16]},
			"faces": {
				"north": {"uv": [0, 6, 8, 8], "texture": "#1"},
				"east": {"uv": [11, 2, 12.5, 4], "texture": "#1"},
				"south": {"uv": [0, 6, 8, 8], "texture": "#1"},
				"west": {"uv": [11, 2, 12.5, 4], "texture": "#1"}
			}
		},
		{
			"name": "rail4",
			"from": [8, 5.4625, -5.7],
			"to": [24, 5.5125, -1.7],
			"rotation": {"angle": 45, "axis": "y", "origin": [16, 8, 16]},
			"faces": {
				"up": {"uv": [0, 13.5, 8, 11.5], "texture": "#1"},
				"down": {"uv": [0, 10.5, 8, 8.5], "rotation": 180, "texture": "#1"}
			}
		},
		{
			"name": "rail5",
			"from": [8, 1.1125, -5.25],
			"to": [24, 5.5125, -2.15],
			"rotation": {"angle": 45, "axis": "y", "origin": [16, 8, 16]},
			"faces": {
				"north": {"uv": [8, 6, 0, 8], "texture": "#1"},
				"east": {"uv": [12.5, 2, 11, 4], "texture": "#1"},
				"south": {"uv": [8, 6, 0, 8], "texture": "#1"},
				"west": {"uv": [12.5, 2, 11, 4], "texture": "#1"}
			}
		},
		{
			"name": "rail6",
			"from": [8, 1.0625, -5.8],
			"to": [24, 1.1125, -1.6],
			"rotation": {"angle": 45, "axis": "y", "origin": [16, 8, 16]},
			"faces": {
				"up": {"uv": [0, 10.5, 8, 8.5], "texture": "#1"},
				"down": {"uv": [0, 10.5, 8, 8.5], "rotation": 180, "texture": "#1"}
			}
		},
		{
			"name": "+x +z",
			"from": [7.95, -2.06, 7.95],
			"to": [15.05, 2.2, 15.05],
			"rotation": {"angle": 45, "axis": "y", "origin": [8, 0.075, 8]},
			"faces": {
				"east": {"uv": [1, 1, 12, 3], "texture": "#3"},
				"south": {"uv": [4, 1, 15, 3], "texture": "#3"},
				"up": {"uv": [11.5, 11.5, 15, 15], "texture": "#3"},
				"down": {"uv": [11.5, 1, 15, 4.5], "texture": "#3"}
			}
		},
		{
			"name": "-x +z",
			"from": [0.95, -2.06, 7.95],
			"to": [8.05, 2.2, 15.05],
			"rotation": {"angle": 45, "axis": "y", "origin": [8, 0.075, 8]},
			"faces": {
				"south": {"uv": [1, 1, 12, 3], "texture": "#3"},
				"west": {"uv": [4, 1, 15, 3], "texture": "#3"},
				"up": {"uv": [1, 11.5, 4.5, 15], "texture": "#3"},
				"down": {"uv": [1, 1, 4.5, 4.5], "texture": "#3"}
			}
		},
		{
			"name": "-x -z",
			"from": [0.95, -2.06, 0.95],
			"to": [8.05, 2.2, 8.05],
			"rotation": {"angle": 45, "axis": "y", "origin": [8, 0.075, 8]},
			"faces": {
				"north": {"uv": [4, 1, 15, 3], "texture": "#3"},
				"west": {"uv": [1, 1, 12, 3], "texture": "#3"},
				"up": {"uv": [1, 1, 4.5, 4.5], "texture": "#3"},
				"down": {"uv": [1, 11.5, 4.5, 15], "texture": "#3"}
			}
		},
		{
			"name": "+x -z",
			"from": [7.95, -2.06, 0.95],
			"to": [15.05, 2.2, 8.05],
			"rotation": {"angle": 45, "axis": "y", "origin": [8, 0.075, 8]},
			"faces": {
				"north": {"uv": [1, 1, 12, 3], "texture": "#3"},
				"east": {"uv": [4, 1, 15, 3], "texture": "#3"},
				"up": {"uv": [11.5, 1, 15, 4.5], "texture": "#3"},
				"down": {"uv": [11.5, 11.5, 15, 15], "texture": "#3"}
			}
		}
	],
	"groups": [
		{
			"name": "group",
			"origin": [0, 0, 0],
			"color": 0,
			"children": [0, 1, 2, 3, 4, 5, 6, 7, 8, 9, 10, 11, 12, 13, 14, 15, 16, 17]
		},
		{
			"name": "group",
			"origin": [0, 0, 0],
			"color": 0,
			"children": [18, 19, 20, 21, 22, 23, 24, 25, 26, 27, 28, 29, 30, 31, 32, 33, 34, 35]
		},
		{
			"name": "center",
			"origin": [8, 0, 8],
			"color": 0,
			"children": [36, 37, 38, 39]
		}
	]
}