{
	"credit": "Made with Blockbench",
	"ambientocclusion": false,
	"texture_size": [32, 32],
	"textures": {
		"1": "create:block/portal_track",
		"2": "create:block/portal_track_mip",
		"3": "create:block/standard_track",
		"particle": "create:block/palettes/stone_types/polished/andesite_cut_polished"
	},
	"elements": [
		{
			"name": "cube1",
			"from": [8, -1.95625, 10],
			"to": [22.95, 2.14375, 14],
			"rotation": {"angle": 0, "axis": "y", "origin": [8, 0, 8]},
			"faces": {
				"north": {"uv": [11, 2, 3.5, 4], "texture": "#1"},
				"south": {"uv": [3.5, 2, 11, 4], "texture": "#1"},
				"down": {"uv": [3.5, 0, 11, 2], "texture": "#1"}
			}
		},
		{
			"name": "cube2",
			"from": [8, -1.95625, 2],
			"to": [22.95, 2.14375, 6],
			"rotation": {"angle": 0, "axis": "y", "origin": [8, 0, 8]},
			"faces": {
				"north": {"uv": [11, 2, 3.5, 4], "texture": "#3"},
				"south": {"uv": [3.5, 2, 11, 4], "texture": "#3"},
				"down": {"uv": [3.5, 4, 11, 6], "texture": "#3"}
			}
		},
		{
			"name": "cube3",
			"from": [-6.95, -1.95625, 10],
			"to": [8, 2.14375, 14],
			"rotation": {"angle": 0, "axis": "y", "origin": [8, 0, 8]},
			"faces": {
				"north": {"uv": [3.5, 2, 11, 4], "texture": "#1"},
				"south": {"uv": [11, 2, 3.5, 4], "texture": "#1"},
				"down": {"uv": [3.5, 0, 11, 2], "rotation": 180, "texture": "#1"}
			}
		},
		{
			"name": "cube2",
			"from": [8, -1.95625, 18],
			"to": [22.95, 2.14375, 22],
			"rotation": {"angle": 0, "axis": "y", "origin": [8, 0, 8]},
			"faces": {
				"north": {"uv": [11, 14, 3.5, 16], "texture": "#1"},
				"south": {"uv": [3.5, 14, 11, 16], "texture": "#1"},
				"down": {"uv": [3.5, 4, 11, 6], "texture": "#1"}
			}
		},
		{
			"name": "cube4",
			"from": [-6.95, -1.95625, 18],
			"to": [8, 2.14375, 22],
			"rotation": {"angle": 0, "axis": "y", "origin": [8, 0, 8]},
			"faces": {
				"north": {"uv": [3.5, 14, 11, 16], "texture": "#1"},
				"south": {"uv": [11, 14, 3.5, 16], "texture": "#1"},
				"down": {"uv": [3.5, 4, 11, 6], "rotation": 180, "texture": "#1"}
			}
		},
		{
			"name": "cube4",
			"from": [-6.95, -1.95625, 2],
			"to": [8, 2.14375, 6],
			"rotation": {"angle": 0, "axis": "y", "origin": [8, 0, 8]},
			"faces": {
				"north": {"uv": [3.5, 2, 11, 4], "texture": "#3"},
				"south": {"uv": [11, 2, 3.5, 4], "texture": "#3"},
				"down": {"uv": [3.5, 4, 11, 6], "rotation": 180, "texture": "#3"}
			}
		},
		{
			"name": "cube5",
			"from": [-6.95, -1.95625, 0],
			"to": [8, 2.14375, 24],
			"rotation": {"angle": 0, "axis": "y", "origin": [8, 0, 8]},
			"faces": {
				"west": {"uv": [11, 12.5, 13.05, 0.5], "rotation": 90, "texture": "#2"},
				"up": {"uv": [3.5, 12.5, 10.975, 0.5], "rotation": 180, "texture": "#2"}
			}
		},
		{
			"name": "cube6",
			"from": [8, -1.95625, 0],
			"to": [22.95, 2.14375, 24],
			"rotation": {"angle": 0, "axis": "y", "origin": [8, 0, 8]},
			"faces": {
				"east": {"uv": [13, 0.5, 11.05, 12.5], "rotation": 90, "texture": "#2"},
				"up": {"uv": [3.5, 0.5, 10.975, 12.5], "texture": "#2"}
			}
		},
		{
			"name": "tie1",
			"from": [14.35, 1.09375, 0],
			"to": [18.55, 1.14375, 24],
			"rotation": {"angle": 0, "axis": "y", "origin": [8, 0, 8]},
			"faces": {
				"up": {"uv": [12, 8.5, 0, 10.5], "rotation": 270, "texture": "#1"},
				"down": {"uv": [0, 8.5, 12, 10.5], "rotation": 270, "texture": "#1"}
			}
		},
		{
			"name": "tie2",
			"from": [14.45, 5.49375, 0],
			"to": [18.45, 5.54375, 24],
			"rotation": {"angle": 0, "axis": "y", "origin": [8, 0, 8]},
			"faces": {
				"up": {"uv": [12, 11.5, 0, 13.5], "rotation": 270, "texture": "#1"},
				"down": {"uv": [0, 8.5, 12, 10.5], "rotation": 270, "texture": "#1"}
			}
		},
		{
			"name": "tie3",
			"from": [14.9, 1.14375, 0],
			"to": [18, 5.54375, 24],
			"rotation": {"angle": 0, "axis": "y", "origin": [8, 0, 8]},
			"faces": {
				"north": {"uv": [11, 2, 12.5, 4], "texture": "#3"},
				"east": {"uv": [12, 6, 0, 8], "texture": "#1"},
				"south": {"uv": [12.5, 2, 11, 4], "texture": "#1"},
				"west": {"uv": [0, 6, 12, 8], "texture": "#1"}
			}
		},
		{
			"name": "tie4",
			"from": [-2.45, 5.49375, 0],
			"to": [1.55, 5.54375, 24],
			"rotation": {"angle": 0, "axis": "y", "origin": [8, 0, 8]},
			"faces": {
				"up": {"uv": [12, 13.5, 0, 11.5], "rotation": 270, "texture": "#1"},
				"down": {"uv": [0, 10.5, 12, 8.5], "rotation": 270, "texture": "#1"}
			}
		},
		{
			"name": "tie5",
			"from": [-2, 1.14375, 0],
			"to": [1.1, 5.54375, 24],
			"rotation": {"angle": 0, "axis": "y", "origin": [8, 0, 8]},
			"faces": {
				"north": {"uv": [12.5, 2, 11, 4], "texture": "#3"},
				"east": {"uv": [12, 6, 0, 8], "texture": "#1"},
				"south": {"uv": [12.5, 2, 11, 4], "texture": "#1"},
				"west": {"uv": [0, 6, 12, 8], "texture": "#1"}
			}
		},
		{
			"name": "tie6",
			"from": [-2.55, 1.09375, 0],
			"to": [1.65, 1.14375, 24],
			"rotation": {"angle": 0, "axis": "y", "origin": [8, 0, 8]},
			"faces": {
				"up": {"uv": [12, 10.5, 0, 8.5], "rotation": 270, "texture": "#1"},
				"down": {"uv": [0, 10.5, 12, 8.5], "rotation": 270, "texture": "#1"}
			}
		}
	],
	"groups": [
		{
			"name": "group",
			"origin": [0, 0, 0],
			"color": 0,
			"children": [0, 1, 2, 3, 4, 5, 6, 7, 8, 9, 10, 11, 12, 13]
		},
		{
			"name": "group",
			"origin": [8, 8, 8],
			"color": 0,
			"children": []
		}
	]
}