{
	"credit": "By Slimeist",
	"texture_size": [64, 64],
	"textures": {
		"0": "create:block/girder",
		"3": "create:block/andesite_casing",
		"4": "create:block/contact_front",
		"5": "railways:block/semaphore",
		"particle": "create:block/girder"
	},
	"elements": [
		{
			"from": [3, 6, -16],
			"to": [5, 10, 16],
			"rotation": {"angle": 0, "axis": "x", "origin": [13, 8, 8]},
			"faces": {
				"north": {"uv": [0, 0, 1, 2], "texture": "#5"},
				"east": {"uv": [0, 0, 16, 2], "rotation": 180, "texture": "#5"},
				"south": {"uv": [14, 0, 15, 2], "texture": "#5"},
				"west": {"uv": [0, 0, 16, 2], "texture": "#5"},
				"up": {"uv": [16, 1, 0, 0], "rotation": 270, "texture": "#5"},
				"down": {"uv": [0, 1, 16, 0], "rotation": 270, "texture": "#5"}
			}
		},
		{
			"from": [3, 2, 12],
			"to": [5, 6, 16],
			"rotation": {"angle": 0, "axis": "x", "origin": [13, 8, 8]},
			"faces": {
				"north": {"uv": [14, 0, 15, 2], "texture": "#5"},
				"east": {"uv": [14, 0, 16, 2], "rotation": 180, "texture": "#5"},
				"south": {"uv": [14, 0, 15, 2], "texture": "#5"},
				"west": {"uv": [14, 0, 16, 2], "texture": "#5"},
				"up": {"uv": [14, 0, 15, 2], "texture": "#5"},
				"down": {"uv": [14, 0, 15, 2], "texture": "#5"}
			}
		},
		{
			"from": [5, 3, 13],
			"to": [6, 5, 15],
			"rotation": {"angle": 0, "axis": "x", "origin": [13, 8, 8]},
			"faces": {
				"north": {"uv": [6, 7, 7, 9], "texture": "#4"},
				"east": {"uv": [7, 7, 9, 9], "texture": "#4"},
				"south": {"uv": [6, 7, 7, 9], "texture": "#4"},
				"west": {"uv": [7, 7, 9, 9], "texture": "#4"},
				"up": {"uv": [9, 7, 10, 9], "texture": "#4"},
				"down": {"uv": [9, 7, 10, 9], "texture": "#4"}
			}
		},
		{
			"from": [4, 0, 4],
			"to": [12, 1, 12],
			"faces": {
				"north": {"uv": [8.5, 8, 12.5, 8.5], "texture": "#0"},
				"east": {"uv": [8.5, 8, 12.5, 8.5], "texture": "#0"},
				"south": {"uv": [8.5, 8, 12.5, 8.5], "texture": "#0"},
				"west": {"uv": [8.5, 8, 12.5, 8.5], "texture": "#0"},
				"up": {"uv": [8.5, 8.5, 12.5, 12.5], "texture": "#0"},
				"down": {"uv": [8.5, 8.5, 12.5, 12.5], "texture": "#0"}
			}
		},
		{
			"from": [5, 1, 5],
			"to": [11, 15, 11],
			"faces": {
				"north": {"uv": [5, 1, 11, 15], "texture": "#3"},
				"east": {"uv": [5, 1, 11, 15], "texture": "#3"},
				"south": {"uv": [5, 1, 11, 15], "texture": "#3"},
				"west": {"uv": [5, 1, 11, 15], "texture": "#3"},
				"down": {"uv": [0, 0, 1.5, 1.5], "texture": "#missing"}
			}
		},
		{
			"from": [4, 15, 4],
			"to": [12, 16, 12],
			"faces": {
				"north": {"uv": [8.5, 8, 12.5, 8.5], "texture": "#0"},
				"east": {"uv": [8.5, 8, 12.5, 8.5], "texture": "#0"},
				"south": {"uv": [8.5, 8, 12.5, 8.5], "texture": "#0"},
				"west": {"uv": [8.5, 8, 12.5, 8.5], "texture": "#0"},
				"up": {"uv": [8.5, 8.5, 12.5, 12.5], "texture": "#0"},
				"down": {"uv": [8.5, 8.5, 12.5, 12.5], "texture": "#0"}
			}
		},
		{
			"from": [6, 3, 13],
			"to": [7, 5, 15],
			"faces": {
				"north": {"uv": [6, 7, 7, 9], "texture": "#4"},
				"east": {"uv": [7, 7, 9, 9], "texture": "#4"},
				"south": {"uv": [6, 7, 7, 9], "texture": "#4"},
				"west": {"uv": [7, 7, 9, 9], "texture": "#4"},
				"up": {"uv": [9, 7, 10, 9], "texture": "#4"},
				"down": {"uv": [9, 7, 10, 9], "texture": "#4"}
			}
		},
		{
			"name": "cube white",
			"from": [7, 2, 12],
			"to": [9, 6, 16],
			"faces": {
				"north": {"uv": [0, 4, 0.5, 5], "texture": "#5"},
				"east": {"uv": [0, 4, 1, 5], "texture": "#5"},
				"south": {"uv": [0, 4, 0.5, 5], "texture": "#5"},
				"west": {"uv": [0, 4, 1, 5], "texture": "#5"},
				"up": {"uv": [0, 4, 0.5, 5], "texture": "#5"},
				"down": {"uv": [0, 4, 0.5, 5], "texture": "#5"}
			}
		},
		{
			"from": [7, 2, 11],
			"to": [9, 6, 12],
			"faces": {
				"east": {"uv": [2, 1, 2.5, 3], "texture": "#0"},
				"south": {"uv": [2, 1, 2.5, 3], "texture": "#0"},
				"west": {"uv": [2, 1, 2.5, 3], "texture": "#0"},
				"up": {"uv": [8.5, 1, 10.5, 3], "rotation": 90, "texture": "#0"},
				"down": {"uv": [8.5, 1, 10.5, 3], "rotation": 90, "texture": "#0"}
			}
		},
		{
			"from": [7, 7, 11],
			"to": [9, 11, 13],
			"faces": {
				"east": {"uv": [0.5, 1, 1.5, 3], "texture": "#0"},
				"south": {"uv": [0.5, 1, 1.5, 3], "texture": "#0"},
				"west": {"uv": [0.5, 1, 1.5, 3], "texture": "#0"},
				"up": {"uv": [9, 1.5, 10, 2.5], "rotation": 90, "texture": "#0"},
				"down": {"uv": [9, 1.5, 10, 2.5], "rotation": 90, "texture": "#0"}
			}
		},
		{
			"name": "cube white",
			"from": [7, 7, 13],
			"to": [9, 11, 17],
			"faces": {
				"north": {"uv": [0, 4, 0.5, 5], "texture": "#5"},
				"east": {"uv": [0, 4, 1, 5], "texture": "#5"},
				"south": {"uv": [0, 4, 0.5, 5], "texture": "#5"},
				"west": {"uv": [0, 4, 1, 5], "texture": "#5"},
				"up": {"uv": [0, 4, 0.5, 5], "texture": "#5"},
				"down": {"uv": [0, 4, 0.5, 5], "texture": "#5"}
			}
		},
		{
			"from": [6, 8, 14],
			"to": [7, 10, 16],
			"faces": {
				"north": {"uv": [6, 7, 7, 9], "texture": "#4"},
				"east": {"uv": [7, 7, 9, 9], "texture": "#4"},
				"south": {"uv": [6, 7, 7, 9], "texture": "#4"},
				"west": {"uv": [7, 7, 9, 9], "texture": "#4"},
				"up": {"uv": [9, 7, 10, 9], "texture": "#4"},
				"down": {"uv": [9, 7, 10, 9], "texture": "#4"}
			}
		}
	],
	"display": {
		"thirdperson_righthand": {
			"rotation": [75, 45, 0],
			"translation": [0, 2.5, 0],
			"scale": [0.375, 0.375, 0.375]
		},
		"thirdperson_lefthand": {
			"rotation": [75, 45, 0],
			"translation": [0, 2.5, 0],
			"scale": [0.375, 0.375, 0.375]
		},
		"firstperson_righthand": {
			"rotation": [0, 45, 0],
			"scale": [0.4, 0.4, 0.4]
		},
		"firstperson_lefthand": {
			"rotation": [0, 45, 0],
			"scale": [0.4, 0.4, 0.4]
		},
		"ground": {
			"translation": [0, 3, 0],
			"scale": [0.25, 0.25, 0.25]
		},
		"gui": {
			"rotation": [30, 45, 0],
			"translation": [1.75, -1, 0],
			"scale": [0.625, 0.625, 0.625]
		},
		"head": {
			"rotation": [0, 180, 0],
			"translation": [0, 13, 7]
		},
		"fixed": {
			"scale": [0.5, 0.5, 0.5]
		}
	},
	"groups": [
		{
			"name": "arm red",
			"origin": [8, 8, 8],
			"color": 0,
			"nbt": "{}",
			"armAnimationEnabled": false,
			"children": [0, 1, 2]
		},
		{
			"name": "pillar",
			"origin": [0, 0, 0],
			"color": 0,
			"nbt": "{}",
			"armAnimationEnabled": false,
			"children": [3, 4, 5]
		},
		{
			"name": "danger",
			"origin": [0, 0, 0],
			"color": 0,
			"nbt": "{}",
			"armAnimationEnabled": false,
			"children": [6, 7, 8]
		},
		{
			"name": "clear",
			"origin": [0, 0, 0],
			"color": 0,
			"nbt": "{}",
			"armAnimationEnabled": false,
			"children": [9, 10, 11]
		}
	]
}