{
	"credit": "Made with Blockbench",
	"texture_size": [64, 64],
	"textures": {
		"4": "create:block/contact_front",
		"5": "railways:block/semaphore",
		"particle": "create:block/girder"
	},
	"elements": [
		{
			"from": [3, 6, -16],
			"to": [5, 10, 16],
			"rotation": {"angle": 0, "axis": "x", "origin": [13, 8, 8]},
			"faces": {
				"north": {"uv": [0, 0, 1, 2], "texture": "#5"},
				"east": {"uv": [0, 0, 16, 2], "rotation": 180, "texture": "#5"},
				"south": {"uv": [14, 0, 15, 2], "texture": "#5"},
				"west": {"uv": [0, 0, 16, 2], "texture": "#5"},
				"up": {"uv": [16, 1, 0, 0], "rotation": 270, "texture": "#5"},
				"down": {"uv": [0, 1, 16, 0], "rotation": 270, "texture": "#5"}
			}
		},
		{
			"from": [3, 10, 12],
			"to": [5, 14, 16],
			"rotation": {"angle": 0, "axis": "x", "origin": [13, 8, 8]},
			"faces": {
				"north": {"uv": [14, 0, 15, 2], "texture": "#5"},
				"east": {"uv": [14, 0, 16, 2], "rotation": 180, "texture": "#5"},
				"south": {"uv": [14, 0, 15, 2], "texture": "#5"},
				"west": {"uv": [14, 0, 16, 2], "texture": "#5"},
				"up": {"uv": [14, 0, 15, 2], "texture": "#5"}
			}
		},
		{
			"from": [5, 11, 13],
			"to": [6, 13, 15],
			"rotation": {"angle": 0, "axis": "x", "origin": [13, 8, 8]},
			"faces": {
				"north": {"uv": [6, 7, 7, 9], "texture": "#4"},
				"east": {"uv": [7, 7, 9, 9], "texture": "#4"},
				"south": {"uv": [6, 7, 7, 9], "texture": "#4"},
				"west": {"uv": [7, 7, 9, 9], "texture": "#4"},
				"up": {"uv": [9, 7, 10, 9], "texture": "#4"},
				"down": {"uv": [9, 7, 10, 9], "texture": "#4"}
			}
		}
	],
	"groups": [
		{
			"name": "arm red",
			"origin": [8, 8, 8],
			"color": 0,
			"children": [0, 1, 2]
		}
	]
}