{
	"credit": "Made with Blockbench",
	"texture_size": [64, 64],
	"textures": {
		"5": "railways:block/semaphore",
		"particle": "create:block/girder"
	},
	"elements": [
		{
			"name": "cube yellow",
			"from": [-1, -2, -2],
			"to": [1, 2, 2],
			"faces": {
				"north": {"uv": [2, 4, 2.5, 5], "texture": "#5"},
				"east": {"uv": [2, 4, 3, 5], "texture": "#5"},
				"south": {"uv": [2, 4, 2.5, 5], "texture": "#5"},
				"west": {"uv": [2, 4, 3, 5], "texture": "#5"},
				"up": {"uv": [2, 4, 2.5, 5], "texture": "#5"},
				"down": {"uv": [2, 4, 2.5, 5], "texture": "#5"}
			}
		}
	]
}