{
	"credit": "By Slimeist",
	"texture_size": [64, 64],
	"textures": {
		"4": "create:block/contact_front",
		"5": "railways:block/semaphore",
		"particle": "create:block/girder"
	},
	"elements": [
		{
			"from": [11, 6, -10],
			"to": [13, 10, 16],
			"rotation": {"angle": 0, "axis": "x", "origin": [13, 8, 8]},
			"faces": {
				"north": {"uv": [3, 2, 4, 4], "texture": "#5"},
				"east": {"uv": [3, 2, 16, 4], "rotation": 180, "texture": "#5"},
				"south": {"uv": [14, 2, 15, 4], "texture": "#5"},
				"west": {"uv": [3, 2, 16, 4], "texture": "#5"},
				"up": {"uv": [16, 3, 3, 2], "rotation": 270, "texture": "#5"},
				"down": {"uv": [3, 3, 16, 2], "rotation": 270, "texture": "#5"}
			}
		},
		{
			"from": [11, 2, 12],
			"to": [13, 6, 16],
			"rotation": {"angle": 0, "axis": "x", "origin": [13, 8, 8]},
			"faces": {
				"north": {"uv": [14, 2, 15, 4], "texture": "#5"},
				"east": {"uv": [14, 2, 16, 4], "rotation": 180, "texture": "#5"},
				"south": {"uv": [14, 2, 15, 4], "texture": "#5"},
				"west": {"uv": [14, 2, 16, 4], "texture": "#5"},
				"up": {"uv": [14, 2, 15, 4], "texture": "#5"},
				"down": {"uv": [14, 2, 15, 4], "texture": "#5"}
			}
		},
		{
			"from": [10, 3, 13],
			"to": [11, 5, 15],
			"rotation": {"angle": 0, "axis": "x", "origin": [13, 8, 8]},
			"faces": {
				"north": {"uv": [6, 7, 7, 9], "texture": "#4"},
				"east": {"uv": [7, 7, 9, 9], "texture": "#4"},
				"south": {"uv": [6, 7, 7, 9], "texture": "#4"},
				"west": {"uv": [7, 7, 9, 9], "texture": "#4"},
				"up": {"uv": [9, 7, 10, 9], "texture": "#4"},
				"down": {"uv": [9, 7, 10, 9], "texture": "#4"}
			}
		}
	],
	"groups": [
		{
			"name": "arm yellow",
			"origin": [8, 8, 8],
			"color": 0,
			"children": [0, 1, 2]
		}
	]
}