{
	"credit": "By Slimeist",
	"ambientocclusion": false,
	"texture_size": [64, 64],
	"textures": {
		"4": "railways:block/monorail/monorail_portal",
		"particle": "create:block/palettes/stone_types/polished/andesite_cut_polished"
	},
	"elements": [
		{
			"name": "middle_whole",
			"from": [2, 3, 0],
			"to": [14, 13, 24],
			"rotation": {"angle": 0, "axis": "y", "origin": [8, 8, 8]},
			"faces": {
				"north": {"uv": [8, 2, 11, 4.5], "texture": "#4"},
				"east": {"uv": [6, 7.75, 0, 10.25], "texture": "#4"},
				"south": {"uv": [12.5, 2, 15.5, 4.5], "texture": "#4"},
				"west": {"uv": [0, 7.75, 6, 10.25], "texture": "#4"},
				"up": {"uv": [0, 0, 0, 0], "texture": "#4"},
				"down": {"uv": [0, 0, 0, 0], "texture": "#4"}
			}
		},
		{
			"name": "bottom_whole",
			"from": [0, 0, 0],
			"to": [16, 3, 24],
			"rotation": {"angle": 0, "axis": "y", "origin": [8, 8, 8]},
			"faces": {
				"north": {"uv": [12, 5.25, 8, 6], "texture": "#4"},
				"east": {"uv": [14, 6, 8, 6.75], "texture": "#4"},
				"south": {"uv": [8, 6.75, 12, 7.5], "texture": "#4"},
				"west": {"uv": [8, 4.5, 14, 5.25], "texture": "#4"},
				"up": {"uv": [6, 8, 0, 4], "rotation": 270, "texture": "#4"},
				"down": {"uv": [6, 0, 0, 4], "rotation": 90, "texture": "#4"}
			}
		},
		{
			"name": "top_whole",
			"from": [0, 13, 0],
			"to": [16, 16, 24],
			"rotation": {"angle": 0, "axis": "y", "origin": [8, 8, 8]},
			"faces": {
				"north": {"uv": [7, 8.75, 11, 9.5], "texture": "#4"},
				"east": {"uv": [13, 9.5, 7, 10.25], "texture": "#4"},
				"south": {"uv": [0, 10.25, 4, 11], "texture": "#4"},
				"west": {"uv": [7, 8, 13, 8.75], "texture": "#4"},
				"up": {"uv": [6, 4, 0, 0], "rotation": 270, "texture": "#4"},
				"down": {"uv": [6, 4, 0, 8], "rotation": 90, "texture": "#4"}
			}
		}
	],
	"groups": [
		{
			"name": "Beam X",
			"origin": [8, 13, 8],
			"color": 0,
			"nbt": "{}",
			"armAnimationEnabled": false,
			"children": [0, 1, 2]
		}
	]
}