{
	"credit": "Made with Blockbench",
	"texture_size": [32, 32],
	"textures": {
		"1": "create:block/standard_track",
		"2": "create:block/standard_track_mip",
		"particle": "create:block/palettes/stone_types/polished/andesite_cut_polished"
	},
	"elements": [
		{
			"name": "cube1",
			"from": [-13.95, -3.05, 2],
			"to": [8, 1.05, 6],
			"rotation": {"angle": 0, "axis": "y", "origin": [8, 0, 8]},
			"faces": {
				"north": {"uv": [0, 2, 11, 4], "texture": "#1"},
				"south": {"uv": [11, 2, 0, 4], "texture": "#1"},
				"down": {"uv": [0, 4, 11, 6], "rotation": 180, "texture": "#1"}
			}
		},
		{
			"name": "cube2",
			"from": [-13.95, -3.05, -1.75],
			"to": [8, 1.05, 9.75],
			"rotation": {"angle": 0, "axis": "y", "origin": [8, 0, 8]},
			"faces": {
				"west": {"uv": [11, 3.75, 13, 9.25], "rotation": 90, "texture": "#2"},
				"up": {"uv": [0, 3.75, 11, 9.25], "rotation": 180, "texture": "#2"}
			}
		},
		{
			"name": "cube3",
			"from": [8, -3.05, -1.75],
			"to": [29.95, 1.05, 9.75],
			"rotation": {"angle": 0, "axis": "y", "origin": [8, 0, 8]},
			"faces": {
				"east": {"uv": [11, 3.75, 13, 9.25], "rotation": 90, "texture": "#2"},
				"up": {"uv": [0, 3.75, 11, 9.25], "texture": "#2"}
			}
		},
		{
			"name": "cube2",
			"from": [8, -3.05, 2],
			"to": [29.95, 1.05, 6],
			"rotation": {"angle": 0, "axis": "y", "origin": [8, 0, 8]},
			"faces": {
				"north": {"uv": [11, 2, 0, 4], "texture": "#1"},
				"south": {"uv": [0, 2, 11, 4], "texture": "#1"},
				"down": {"uv": [0, 4, 11, 6], "texture": "#1"}
			}
		}
	],
	"groups": [
		{
			"name": "group",
			"origin": [0, 0, 0],
			"color": 0,
			"children": [0, 1, 2, 3]
		}
	]
}