{
	"credit": "Made with Blockbench",
	"parent": "block/block",
	"textures": {
		"redstone_antenna": "create:block/redstone_antenna_powered"
	},
	"elements": [
		{
			"name": "Dish",
			"from": [-2, 6, -2],
			"to": [3, 6, 3],
			"faces": {
				"up": {"uv": [4, 0, 9, 5], "rotation": 180, "texture": "#redstone_antenna"},
				"down": {"uv": [4, 0, 9, 5], "texture": "#redstone_antenna"}
			}
		},
		{
			"name": "AntennaX",
			"from": [-1, 0, 0],
			"to": [2, 10, 1],
			"faces": {
				"north": {"uv": [0, 0, 3, 10], "texture": "#redstone_antenna"},
				"south": {"uv": [0, 0, 3, 10], "texture": "#redstone_antenna"},
				"down": {"uv": [0, 9, 3, 10], "texture": "#redstone_antenna"}
			}
		},
		{
			"name": "AntennaZ",
			"from": [0, 0, -1],
			"to": [1, 10, 2],
			"faces": {
				"east": {"uv": [0, 0, 3, 10], "texture": "#redstone_antenna"},
				"west": {"uv": [0, 0, 3, 10], "texture": "#redstone_antenna"}
			}
		},
		{
			"name": "AntennaTop",
			"from": [0, 8, 0],
			"to": [1, 9, 1],
			"faces": {
				"up": {"uv": [1, 1, 2, 2], "rotation": 180, "texture": "#redstone_antenna"}
			}
		}
	],
	"groups": [
		{
			"name": "group",
			"origin": [8, 8, 8],
			"color": 0,
			"children": [0, 1, 2, 3]
		}
	]
}