{
	"credit": "By the Railway Team",
	"texture_size": [128, 128],
	"textures": {
		"0": "railways:block/monorail/monorail_bogey",
		"particle": "create:block/bogey/particle"
	},
	"elements": [
		{
			"from": [2, 4, 2],
			"to": [14, 6, 14],
			"faces": {
				"north": {"uv": [11.75, 0, 13.25, 0.25], "texture": "#0"},
				"east": {"uv": [4.5, 3.75, 6, 4], "texture": "#0"},
				"south": {"uv": [11.75, 0, 13.25, 0.25], "texture": "#0"},
				"west": {"uv": [4.5, 3.75, 6, 4], "texture": "#0"},
				"up": {"uv": [2.25, 4.25, 3.75, 5.75], "texture": "#0"},
				"down": {"uv": [2.25, 4.25, 3.75, 5.75], "texture": "#0"}
			}
		},
		{
			"name": "top",
			"from": [0, 6, 0],
			"to": [16, 16, 16],
			"faces": {
				"north": {"uv": [4.5, 1.25, 6.5, 2.5], "texture": "#0"},
				"east": {"uv": [4.5, 0, 6.5, 1.25], "texture": "#0"},
				"south": {"uv": [4.5, 1.25, 6.5, 2.5], "texture": "#0"},
				"west": {"uv": [4.5, 0, 6.5, 1.25], "texture": "#0"},
				"up": {"uv": [0, 4, 2, 6], "texture": "#0"},
				"down": {"uv": [2, 4, 4, 6], "texture": "#0"}
			}
		}
	]
}